-- --------------------------------------------------------
-- Host:                         127.0.0.1
-- Server version:               8.0.28 - MySQL Community Server - GPL
-- Server OS:                    Win64
-- HeidiSQL Version:             11.3.0.6295
-- --------------------------------------------------------

/*!40101 SET @OLD_CHARACTER_SET_CLIENT=@@CHARACTER_SET_CLIENT */;
/*!40101 SET NAMES utf8 */;
/*!50503 SET NAMES utf8mb4 */;
/*!40014 SET @OLD_FOREIGN_KEY_CHECKS=@@FOREIGN_KEY_CHECKS, FOREIGN_KEY_CHECKS=0 */;
/*!40101 SET @OLD_SQL_MODE=@@SQL_MODE, SQL_MODE='NO_AUTO_VALUE_ON_ZERO' */;
/*!40111 SET @OLD_SQL_NOTES=@@SQL_NOTES, SQL_NOTES=0 */;

-- Dumping data for table vas_sms.action: ~14 rows (approximately)
DELETE FROM `action`;
/*!40000 ALTER TABLE `action` DISABLE KEYS */;
INSERT INTO `action` (`id`, `description`, `api_id`, `service_id`) VALUES
	(1, 'Activate GOV news alert service', 1, 1),
	(2, 'Deactivate GOV news alert service', 2, 1),
	(3, 'Activate prepaid data', 3, 2),
	(4, 'Deactivate prepaid data', 4, 2),
	(6, 'DemoActivation', 147, 5),
	(7, 'DemoDeactivation', 147, 5),
	(102, 'deactivate-s', 147, 144),
	(105, 'Activation-D', 147, 104),
	(106, 'Deactivation-D', 147, 104),
	(114, 'Activation', 155, 113),
	(129, 'Activation', 157, 140),
	(143, 'act test', 2, 2),
	(144, 'Activation', 140, 142),
	(145, 'Deactivation', 141, 142),
	(146, 'Activate', 140, 141),
	(147, 'activate-s', 158, 144);
/*!40000 ALTER TABLE `action` ENABLE KEYS */;

-- Dumping data for table vas_sms.api: ~13 rows (approximately)
DELETE FROM `api`;
/*!40000 ALTER TABLE `api` DISABLE KEYS */;
INSERT INTO `api` (`id`, `description`, `name`, `version`, `xml`) VALUES
	(1, 'GOV news alert activation', 'ActivateGovNewsAlert', '1.0', '<?xml version="1.0" encoding="UTF-8"?><service name=\'ActivateGovNewsAlert\'><block id="0" type="Start" nodeCType="startNode" pos="25,225"><next-node>1</next-node></block><block id="1" type="Assign" nodeCType="customNode" pos="430.453125,221"><next-node>return</next-node></block><block id="return" type="Return" nodeCType="returnNode" pos="1025,225"><outputparams name="ses">-1</outputparams></block><conn>[{"source":"start","sourceHandle":null,"target":"1","targetHandle":"target","type":"buttonedge","id":"reactflow__edge-startnull-1target"},{"source":"1","sourceHandle":"source","target":"return","targetHandle":null,"type":"buttonedge","id":"reactflow__edge-1source-returnnull"}]</conn></service>'),
	(2, 'GOV news alert deactivation', 'DeactivateGovNewsAlert', '1.0', '<?xml version="1.0" encoding="UTF-8"?><service name=\'DeactivateGovNewsAlert\'><block id="0" type="Start" nodeCType="startNode" pos="25,225"><next-node>1</next-node></block><block id="1" type="Branch" nodeCType="customNode" pos="251.25,145"><case id="2" type="Case" nodeCType="customNode" pos="401.25,85"><next-node>return</next-node></case><default id="3" type="default" nodeCType="customNode" pos="401.25,215"><next-node>return</next-node></default></block><block id="return" type="Return" nodeCType="returnNode" pos="1025,225"><outputparams name="ses">-1</outputparams></block><conn>[{"source":"start","sourceHandle":null,"target":"1","targetHandle":"target","type":"buttonedge","id":"reactflow__edge-startnull-1target"},{"source":"1","sourceHandle":"source","target":"2","targetHandle":"target","type":"buttonedge","id":"reactflow__edge-1source-2target"},{"source":"2","sourceHandle":"source","target":"return","targetHandle":null,"type":"buttonedge","id":"reactflow__edge-2source-returnnull"},{"source":"3","sourceHandle":"source","target":"return","targetHandle":null,"type":"buttonedge","id":"reactflow__edge-3source-returnnull"},{"source":"1","sourceHandle":"source","target":"3","targetHandle":"target","type":"buttonedge","id":"reactflow__edge-1source-3target"}]</conn></service>'),
	(3, 'Prepaid data service activation', 'ActivatePrepaidData', '1.0', '<?xml version="1.0" encoding="UTF-8"?>'),
	(4, 'Prepaid data service deactivation', 'DeactivatePrepaidData', '1.1', '<?xml version="1.0" encoding="UTF-8"?><service name=\'DeactivatePrepaidData\'><block id="0" type="Start" nodeCType="startNode" pos="25,225"><next-node>1</next-node></block><block id="1" type="Assign" nodeCType="customNode" pos="285.453125,287"><next-node>return</next-node></block><block id="return" type="Return" nodeCType="returnNode" pos="1025,225"><outputparams name="ses">-1</outputparams></block><conn>[{"source":"start","sourceHandle":null,"target":"1","targetHandle":"target","type":"buttonedge","id":"reactflow__edge-startnull-1target"},{"source":"1","sourceHandle":"source","target":"return","targetHandle":null,"type":"buttonedge","id":"reactflow__edge-1source-returnnull"}]</conn></service>'),
	(140, 'Test Act', 'testing activation', '1.0.0', '<?xml version="1.0" encoding="UTF-8"?>'),
	(141, 'Test DeAct', 'testing deactivation', '1.0.0-RE', '<?xml version="1.0" encoding="UTF-8"?><service name=\'testing deactivation\'><block id="0" type="Start" nodeCType="startNode" pos="25,225"><next-node>1</next-node></block><block id="1" type="Branch" nodeCType="customNode" pos="248.453125,225"><case id="2" type="Case" nodeCType="customNode" pos="435.453125,146"><next-node>return</next-node></case><default id="3" type="default" nodeCType="customNode" pos="435.453125,276"><next-node>return</next-node></default></block><block id="return" type="Return" nodeCType="returnNode" pos="1025,225"><outputparams name="ses">-1</outputparams></block><conn>[{"source":"1","sourceHandle":"source","target":"2","targetHandle":"target","type":"buttonedge","id":"reactflow__edge-1source-2target"},{"source":"1","sourceHandle":"source","target":"3","targetHandle":"target","type":"buttonedge","id":"reactflow__edge-1source-3target"},{"source":"2","sourceHandle":"source","target":"return","targetHandle":null,"type":"buttonedge","id":"reactflow__edge-2source-returnnull"},{"source":"3","sourceHandle":"source","target":"return","targetHandle":null,"type":"buttonedge","id":"reactflow__edge-3source-returnnull"},{"source":"start","sourceHandle":null,"target":"1","targetHandle":"target","type":"buttonedge","id":"reactflow__edge-startnull-1target"}]</conn></service>'),
	(142, 'api api', 'test api', 'v1', '<?xml version="1.0" encoding="UTF-8"?><service name=\'test api\'><block id="0" type="Start" nodeCType="startNode" pos="25,225"><next-node>1</next-node></block><block id="1" type="Assign" nodeCType="customNode" pos="237.453125,161"><next-node>return</next-node></block><block id="return" type="Return" nodeCType="returnNode" pos="1025,225"><outputparams name="ses">-1</outputparams></block><conn>[{"source":"0","sourceHandle":null,"target":"1","targetHandle":"target","type":"buttonedge","id":"reactflow__edge-0null-1target"},{"source":"1","sourceHandle":"source","target":"return","targetHandle":null,"type":"buttonedge","id":"reactflow__edge-1source-returnnull"}]</conn></service>'),
	(144, 'sample rest api', 'sample rest ', '1.2.3', '<?xml version="1.0" encoding="UTF-8"?>'),
	(145, 'validate sim pin', 'pin validation', '2.0.3', '<?xml version="1.0" encoding="UTF-8"?><service name=\'pin validation\'><block id="1" type="Assign" nodeCType="customNode" pos="170.453125,163"><next-node>return</next-node></block><block id="0" type="Start" nodeCType="startNode" pos="25,225"><next-node>1</next-node></block><block id="return" type="Return" nodeCType="returnNode" pos="1025,225"><outputparams name="ses">-1</outputparams></block><conn>[{"source":"1","sourceHandle":"source","target":"return","targetHandle":null,"type":"buttonedge","id":"reactflow__edge-1source-returnnull"},{"source":"0","sourceHandle":null,"target":"1","targetHandle":"target","type":"buttonedge","id":"reactflow__edge-0null-1target"}]</conn></service>'),
	(146, 'asd', 'asd', 'a', '<?xml version="1.0" encoding="UTF-8"?><service name=\'asd\'><block id="4" type="assign" nodeCType="customNode" pos="633.453125,89"><next-node>return</next-node></block><block id="0" type="assign" nodeCType="startNode" pos="25,225"><next-node>5</next-node></block><block id="5" type="assign" nodeCType="customNode" pos="112.453125,116"><next-node>1</next-node></block><block id="1" type="branch" nodeCType="customNode" pos="183.453125,224"><default id="2" type="default" nodeCType="customNode" pos="333.453125,164"><next-node>4</next-node></default><default id="3" type="default" nodeCType="customNode" pos="333.453125,294"><next-node>return</next-node></default></block><block id="return" type="return" nodeCType="returnNode" pos="1025,225"><outputparams name="ses">-1</outputparams></block><conn>[{"source":"1","sourceHandle":"source","target":"2","targetHandle":"target","type":"buttonedge","id":"reactflow__edge-1source-2target"},{"source":"3","sourceHandle":"source","target":"return","targetHandle":null,"type":"buttonedge","id":"reactflow__edge-3source-returnnull"},{"source":"1","sourceHandle":"source","target":"3","targetHandle":"target","type":"buttonedge","id":"reactflow__edge-1source-3target"},{"source":"2","sourceHandle":"source","target":"4","targetHandle":"target","type":"buttonedge","id":"reactflow__edge-2source-4target"},{"source":"4","sourceHandle":"source","target":"return","targetHandle":null,"type":"buttonedge","id":"reactflow__edge-4source-returnnull"},{"source":"0","sourceHandle":null,"target":"5","targetHandle":"target","type":"buttonedge","id":"reactflow__edge-0null-5target"},{"source":"5","sourceHandle":"source","target":"1","targetHandle":"target","type":"buttonedge","id":"reactflow__edge-5source-1target"}]</conn></service>'),
	(147, 'This is for demostration', 'DemoApi', '1.0', '<?xml version="1.0" encoding="UTF-8"?><service name=\'DemoApiR\'><block id="0" type="assign" nodeCType="startNode" pos="25,225"><next-node>1</next-node></block><block id="1" type="assign" nodeCType="customNode" pos="249.453125,202"><next-node>2</next-node></block><block id="2" type="Function:HTTP" nodeCType="func" pos="587.453125,234"><next-node>return</next-node></block><block id="return" type="return" nodeCType="returnNode" pos="1025,225"><outputparams name="ses">-1</outputparams></block><conn>[{"source":"0","sourceHandle":null,"target":"1","targetHandle":"target","type":"buttonedge","id":"reactflow__edge-0null-1target"},{"source":"1","sourceHandle":"source","target":"2","targetHandle":"target","type":"buttonedge","id":"reactflow__edge-1source-2target"},{"source":"2","sourceHandle":"source","target":"return","targetHandle":null,"type":"buttonedge","id":"reactflow__edge-2source-returnnull"}]</conn></service>'),
	(154, 'yjtyjhnd75u56c rdy6 rdy', 'chathura', NULL, NULL),
	(155, 'activates alpha service', 'AlphaActivationApi', NULL, NULL),
	(157, 'Testing API', 'blackhole', NULL, NULL),
	(158, 'This API was built to do graph testing', 'TestApi', NULL, NULL),
	(159, 'this service activates beta service', 'BetaActivationApi', NULL, NULL);
/*!40000 ALTER TABLE `api` ENABLE KEYS */;

-- Dumping data for table vas_sms.api_history: ~42 rows (approximately)
DELETE FROM `api_history`;
/*!40000 ALTER TABLE `api_history` DISABLE KEYS */;
INSERT INTO `api_history` (`ID`, `commit_id`, `commit_message`, `version`, `xml`, `is_active`, `commited_date_time`, `api_id`, `total_requests_count`, `avg_res_time`, `error_count`) VALUES
	(3, '2ae4ef04-d445-4856-95b9-e18c77580c76', 'changed: added new node', '0.1', '<?xml version="1.0" encoding="UTF-8"?><service name=\'DemoApi\'><block id="0" type="assign" nodeCType="startNode" pos="25,225"><next-node>1</next-node></block><block id="1" type="assign" nodeCType="customNode" pos="136.453125,163"><next-node>return</next-node></block><block id="return" type="return" nodeCType="returnNode" pos="1025,225"><outputparams name="ses">-1</outputparams></block><conn>[{"source":"start","sourceHandle":null,"target":"1","targetHandle":"target","type":"buttonedge","id":"reactflow__edge-startnull-1target"},{"source":"1","sourceHandle":"source","target":"return","targetHandle":null,"type":"buttonedge","id":"reactflow__edge-1source-returnnull"}]</conn></service>', b'0', '2022-08-25 13:48:20', 147, 0, 0, 0),
	(4, 'c0bb14fe-5570-4e7f-a46f-2c3530fa7413', 'test: added new branch', '0.2', '<?xml version="1.0" encoding="UTF-8"?><service name=\'DemoApi\'><block id="0" type="assign" nodeCType="startNode" pos="25,225"><next-node>1</next-node></block><block id="1" type="branch" nodeCType="customNode" pos="305.453125,194"><case id="2" type="case" nodeCType="customNode" pos="455.453125,134"><next-node>return</next-node></case><default id="3" type="default" nodeCType="customNode" pos="455.453125,264"><next-node>return</next-node></default></block><block id="return" type="return" nodeCType="returnNode" pos="1025,225"><outputparams name="ses">-1</outputparams></block><conn>[{"source":"start","sourceHandle":null,"target":"1","targetHandle":"target","type":"buttonedge","id":"reactflow__edge-startnull-1target"},{"source":"1","sourceHandle":"source","target":"2","targetHandle":"target","type":"buttonedge","id":"reactflow__edge-1source-2target"},{"source":"1","sourceHandle":"source","target":"3","targetHandle":"target","type":"buttonedge","id":"reactflow__edge-1source-3target"},{"source":"2","sourceHandle":"source","target":"return","targetHandle":null,"type":"buttonedge","id":"reactflow__edge-2source-returnnull"},{"source":"3","sourceHandle":"source","target":"return","targetHandle":null,"type":"buttonedge","id":"reactflow__edge-3source-returnnull"}]</conn></service>', b'0', '2022-08-25 14:07:50', 147, 0, 0, 0),
	(5, 'e4eb3c32-9294-4359-a82d-7216644506e7', 'test: new variables', '0.2.1', '<?xml version="1.0" encoding="UTF-8"?><service name=\'DemoApi\'><block id="0" type="assign" nodeCType="startNode" pos="25,225"><next-node>1</next-node></block><block id="1" type="assign" nodeCType="customNode" pos="249.453125,256"><next-node>return</next-node></block><block id="return" type="return" nodeCType="returnNode" pos="1025,225"><outputparams name="ses">-1</outputparams></block><conn>[{"source":"start","sourceHandle":null,"target":"1","targetHandle":"target","type":"buttonedge","id":"reactflow__edge-startnull-1target"},{"source":"1","sourceHandle":"source","target":"return","targetHandle":null,"type":"buttonedge","id":"reactflow__edge-1source-returnnull"}]</conn></service>', b'0', '2022-08-25 14:09:39', 147, 0, 0, 0),
	(6, 'b1656a2f-d74a-4d63-91a6-0723ff6e1270', 'position change', '1.0', '<?xml version="1.0" encoding="UTF-8"?><service name=\'DemoApi\'><block id="1" type="assign" nodeCType="customNode" pos="494.453125,98"><next-node>return</next-node></block><block id="return" type="return" nodeCType="returnNode" pos="1025,225"><outputparams name="ses">-1</outputparams></block><conn>[{"source":"start","sourceHandle":null,"target":"1","targetHandle":"target","type":"buttonedge","id":"reactflow__edge-startnull-1target"},{"source":"1","sourceHandle":"source","target":"return","targetHandle":null,"type":"buttonedge","id":"reactflow__edge-1source-returnnull"}]</conn></service>', b'0', '2022-08-25 14:15:51', 147, 0, 0, 0),
	(7, '876c264c-77e3-4dfc-b2c2-418cdc42f1d0', 'added new variable after case [2]', '1.0-RE', '<?xml version="1.0" encoding="UTF-8"?><service name=\'DemoApi\'><block id="0" type="assign" nodeCType="startNode" pos="25,225"><next-node>1</next-node></block><block id="4" type="assign" nodeCType="customNode" pos="701.453125,365"><next-node>return</next-node></block><block id="1" type="branch" nodeCType="customNode" pos="305.453125,194"><case id="2" type="case" nodeCType="customNode" pos="455.453125,134"><next-node>return</next-node></case><default id="3" type="default" nodeCType="customNode" pos="455.453125,264"><next-node>4</next-node></default></block><block id="return" type="return" nodeCType="returnNode" pos="1025,225"><outputparams name="ses">-1</outputparams></block><conn>[{"source":"start","sourceHandle":null,"target":"1","targetHandle":"target","type":"buttonedge","id":"reactflow__edge-startnull-1target"},{"source":"1","sourceHandle":"source","target":"2","targetHandle":"target","type":"buttonedge","id":"reactflow__edge-1source-2target"},{"source":"1","sourceHandle":"source","target":"3","targetHandle":"target","type":"buttonedge","id":"reactflow__edge-1source-3target"},{"source":"2","sourceHandle":"source","target":"return","targetHandle":null,"type":"buttonedge","id":"reactflow__edge-2source-returnnull"},{"source":"3","sourceHandle":"source","target":"4","targetHandle":"target","type":"buttonedge","id":"reactflow__edge-3source-4target"},{"source":"4","sourceHandle":"source","target":"return","targetHandle":null,"type":"buttonedge","id":"reactflow__edge-4source-returnnull"}]</conn></service>', b'0', '2022-08-25 16:25:59', 147, 0, 0, 0),
	(10, 'ffd3cdf9-f96e-4cae-9719-fa05564c9381', 'Initial commit', '1.0', '<?xml version="1.0" encoding="UTF-8"?>', b'0', '2022-08-25 17:01:25', 154, 0, 0, 0),
	(11, '019f764d-61e4-454b-9c1b-32afee1768c4', 'added initial flow', '1.1', '<?xml version="1.0" encoding="UTF-8"?><service name=\'chathura\'><block id="0" type="assign" nodeCType="startNode" pos="25,225"><next-node>1</next-node></block><block id="4" type="assign" nodeCType="customNode" pos="584.453125,170"><next-node>return</next-node></block><block id="1" type="branch" nodeCType="customNode" pos="159.453125,148"><default id="3" type="default" nodeCType="customNode" pos="309.453125,218"><next-node>4</next-node></default><case id="2" type="case" nodeCType="customNode" pos="309.453125,88"><next-node>4</next-node></case></block><block id="return" type="return" nodeCType="returnNode" pos="1025,225"><outputparams name="ses">-1</outputparams></block><conn>[{"source":"start","sourceHandle":null,"target":"1","targetHandle":"target","type":"buttonedge","id":"reactflow__edge-startnull-1target"},{"source":"2","sourceHandle":"source","target":"4","targetHandle":"target","type":"buttonedge","id":"reactflow__edge-2source-4target"},{"source":"4","sourceHandle":"source","target":"return","targetHandle":null,"type":"buttonedge","id":"reactflow__edge-4source-returnnull"},{"source":"3","sourceHandle":"source","target":"4","targetHandle":"target","type":"buttonedge","id":"reactflow__edge-3source-4target"},{"source":"1","sourceHandle":"source","target":"3","targetHandle":"target","type":"buttonedge","id":"reactflow__edge-1source-3target"},{"source":"1","sourceHandle":"source","target":"2","targetHandle":"target","type":"buttonedge","id":"reactflow__edge-1source-2target"}]</conn></service>', b'1', '2022-08-25 17:06:01', 154, 0, 0, 0),
	(12, '7cad9459-4940-4f50-8376-d531c42de102', 'added secondary flow', '1.1.1', '<?xml version="1.0" encoding="UTF-8"?><service name=\'chathura\'><block id="0" type="assign" nodeCType="startNode" pos="25,225"><next-node>1</next-node></block><block id="4" type="assign" nodeCType="customNode" pos="584.453125,170"><next-node>return</next-node></block><block id="1" type="branch" nodeCType="customNode" pos="149.453125,200"><default id="3" type="default" nodeCType="customNode" pos="298.453125,313"><next-node>5</next-node></default><case id="2" type="case" nodeCType="customNode" pos="350.453125,102"><next-node>4</next-node></case></block><block id="5" type="branch" nodeCType="customNode" pos="544.453125,351"><case id="6" type="case" nodeCType="customNode" pos="694.453125,291"><next-node>return</next-node></case><default id="7" type="default" nodeCType="customNode" pos="694.453125,421"><next-node>return</next-node></default></block><block id="return" type="return" nodeCType="returnNode" pos="1025,225"><outputparams name="ses">-1</outputparams></block><conn>[{"source":"start","sourceHandle":null,"target":"1","targetHandle":"target","type":"buttonedge","id":"reactflow__edge-startnull-1target"},{"source":"2","sourceHandle":"source","target":"4","targetHandle":"target","type":"buttonedge","id":"reactflow__edge-2source-4target"},{"source":"4","sourceHandle":"source","target":"return","targetHandle":null,"type":"buttonedge","id":"reactflow__edge-4source-returnnull"},{"source":"1","sourceHandle":"source","target":"3","targetHandle":"target","type":"buttonedge","id":"reactflow__edge-1source-3target"},{"source":"1","sourceHandle":"source","target":"2","targetHandle":"target","type":"buttonedge","id":"reactflow__edge-1source-2target"},{"source":"3","sourceHandle":"source","target":"5","targetHandle":"target","type":"buttonedge","id":"reactflow__edge-3source-5target"},{"source":"5","sourceHandle":"source","target":"6","targetHandle":"target","type":"buttonedge","id":"reactflow__edge-5source-6target"},{"source":"5","sourceHandle":"source","target":"7","targetHandle":"target","type":"buttonedge","id":"reactflow__edge-5source-7target"},{"source":"6","sourceHandle":"source","target":"return","targetHandle":null,"type":"buttonedge","id":"reactflow__edge-6source-returnnull"},{"source":"7","sourceHandle":"source","target":"return","targetHandle":null,"type":"buttonedge","id":"reactflow__edge-7source-returnnull"}]</conn></service>', b'0', '2022-08-25 17:07:11', 154, 0, 0, 0),
	(13, 'ece4b8cc-176a-4cb5-84d2-4c8ac4699c7b', 'position change', '1.0-RE', '<?xml version="1.0" encoding="UTF-8"?><service name=\'DemoApi\'><block id="0" type="assign" nodeCType="startNode" pos="25,225"><next-node>1</next-node></block><block id="4" type="assign" nodeCType="customNode" pos="622.453125,372"><next-node>return</next-node></block><block id="1" type="branch" nodeCType="customNode" pos="305.453125,194"><case id="2" type="case" nodeCType="customNode" pos="455.453125,134"><next-node>return</next-node></case><default id="3" type="default" nodeCType="customNode" pos="455.453125,264"><next-node>4</next-node></default></block><block id="return" type="return" nodeCType="returnNode" pos="1025,225"><outputparams name="ses">-1</outputparams></block><conn>[{"source":"start","sourceHandle":null,"target":"1","targetHandle":"target","type":"buttonedge","id":"reactflow__edge-startnull-1target"},{"source":"1","sourceHandle":"source","target":"2","targetHandle":"target","type":"buttonedge","id":"reactflow__edge-1source-2target"},{"source":"1","sourceHandle":"source","target":"3","targetHandle":"target","type":"buttonedge","id":"reactflow__edge-1source-3target"},{"source":"2","sourceHandle":"source","target":"return","targetHandle":null,"type":"buttonedge","id":"reactflow__edge-2source-returnnull"},{"source":"3","sourceHandle":"source","target":"4","targetHandle":"target","type":"buttonedge","id":"reactflow__edge-3source-4target"},{"source":"4","sourceHandle":"source","target":"return","targetHandle":null,"type":"buttonedge","id":"reactflow__edge-4source-returnnull"}]</conn></service>', b'0', '2022-08-25 17:09:01', 147, 0, 0, 0),
	(14, '57243e50-d8c4-48c0-8d81-b3e5f9177fed', 'added http node', '1.1', '<?xml version="1.0" encoding="UTF-8"?><service name=\'DemoApi\'><block id="0" type="assign" nodeCType="startNode" pos="33,241"><variable name="var1">\'abc\'</variable><variable name="resCode">1</variable><next-node>1</next-node></block><block id="4" type="assign" nodeCType="customNode" pos="605.453125,337"><variable name="var2">\'xyz\'</variable><variable name="var3">\'loc\'</variable><next-node>6</next-node></block><block id="6" type="func" nodeCType="customNode" pos="831.453125,425"><next-node>return</next-node></block><block id="1" type="branch" nodeCType="customNode" pos="305.453125,194"><case id="2" type="case" nodeCType="customNode" pos="446.453125,76"><expression>\'%ses.var1%\'==\'abc\'</expression><next-node>return</next-node></case><default id="3" type="default" nodeCType="customNode" pos="455.453125,264"><next-node>4</next-node></default><case id="5" type="case" nodeCType="customNode" pos="490.453125,170"><expression>\'%ses.var3%\'==\'abc\'</expression><next-node>return</next-node></case></block><block id="return" type="return" nodeCType="returnNode" pos="1025,225"><outputparams name="ses">-1</outputparams></block><conn>[{"source":"start","sourceHandle":null,"target":"1","targetHandle":"target","type":"buttonedge","id":"reactflow__edge-startnull-1target"},{"source":"1","sourceHandle":"source","target":"2","targetHandle":"target","type":"buttonedge","id":"reactflow__edge-1source-2target"},{"source":"1","sourceHandle":"source","target":"3","targetHandle":"target","type":"buttonedge","id":"reactflow__edge-1source-3target"},{"source":"2","sourceHandle":"source","target":"return","targetHandle":null,"type":"buttonedge","id":"reactflow__edge-2source-returnnull"},{"source":"3","sourceHandle":"source","target":"4","targetHandle":"target","type":"buttonedge","id":"reactflow__edge-3source-4target"},{"source":"1","sourceHandle":"source","target":"5","targetHandle":"target","type":"buttonedge","id":"reactflow__edge-1source-5target"},{"source":"5","sourceHandle":"source","target":"return","targetHandle":null,"type":"buttonedge","id":"reactflow__edge-5source-returnnull"},{"source":"4","sourceHandle":"source","target":"6","targetHandle":"target","type":"buttonedge","id":"reactflow__edge-4source-6target"},{"source":"6","sourceHandle":"source","target":"return","targetHandle":null,"type":"buttonedge","id":"reactflow__edge-6source-returnnull"}]</conn></service>', b'1', '2022-08-25 19:39:00', 147, 0, 0, 0),
	(15, '0d045673-d2f9-441a-ad46-7a23585d1a8e', 'Initial commit', '1.0', '<?xml version="1.0" encoding="UTF-8"?>', b'0', '2022-08-26 09:41:44', 155, 0, 0, 0),
	(16, '2f85fb48-1473-465f-9aa0-74e1c650fd31', 'added: new branch', '1.1', '<?xml version="1.0" encoding="UTF-8"?><service name=\'AlphaActivationApi\'><block id="0" type="assign" nodeCType="startNode" pos="25,225"><next-node>1</next-node></block><block id="1" type="branch" nodeCType="customNode" pos="210.453125,180"><case id="2" type="case" nodeCType="customNode" pos="429.453125,109"><next-node>return</next-node></case><default id="3" type="default" nodeCType="customNode" pos="429.453125,239"><next-node>return</next-node></default></block><block id="return" type="return" nodeCType="returnNode" pos="802,172"><outputparams name="ses">-1</outputparams></block><conn>[{"source":"start","sourceHandle":null,"target":"1","targetHandle":"target","type":"buttonedge","id":"reactflow__edge-startnull-1target"},{"source":"1","sourceHandle":"source","target":"2","targetHandle":"target","type":"buttonedge","id":"reactflow__edge-1source-2target"},{"source":"1","sourceHandle":"source","target":"3","targetHandle":"target","type":"buttonedge","id":"reactflow__edge-1source-3target"},{"source":"2","sourceHandle":"source","target":"return","targetHandle":null,"type":"buttonedge","id":"reactflow__edge-2source-returnnull"},{"source":"3","sourceHandle":"source","target":"return","targetHandle":null,"type":"buttonedge","id":"reactflow__edge-3source-returnnull"}]</conn></service>', b'0', '2022-08-26 09:44:46', 155, 0, 0, 0),
	(17, 'ce199907-d890-4c0b-bc54-50b9d7c576de', 'added: variable', '1.2', '<?xml version="1.0" encoding="UTF-8"?><service name=\'AlphaActivationApi\'><block id="0" type="assign" nodeCType="startNode" pos="25,225"><next-node>1</next-node></block><block id="4" type="assign" nodeCType="customNode" pos="630.453125,327"><next-node>return</next-node></block><block id="1" type="branch" nodeCType="customNode" pos="210.453125,180"><case id="2" type="case" nodeCType="customNode" pos="429.453125,109"><next-node>return</next-node></case><default id="3" type="default" nodeCType="customNode" pos="429.453125,239"><next-node>4</next-node></default></block><block id="return" type="return" nodeCType="returnNode" pos="802,172"><outputparams name="ses">-1</outputparams></block><conn>[{"source":"start","sourceHandle":null,"target":"1","targetHandle":"target","type":"buttonedge","id":"reactflow__edge-startnull-1target"},{"source":"1","sourceHandle":"source","target":"2","targetHandle":"target","type":"buttonedge","id":"reactflow__edge-1source-2target"},{"source":"1","sourceHandle":"source","target":"3","targetHandle":"target","type":"buttonedge","id":"reactflow__edge-1source-3target"},{"source":"2","sourceHandle":"source","target":"return","targetHandle":null,"type":"buttonedge","id":"reactflow__edge-2source-returnnull"},{"source":"3","sourceHandle":"source","target":"4","targetHandle":"target","type":"buttonedge","id":"reactflow__edge-3source-4target"},{"source":"4","sourceHandle":"source","target":"return","targetHandle":null,"type":"buttonedge","id":"reactflow__edge-4source-returnnull"}]</conn></service>', b'0', '2022-08-26 09:47:22', 155, 0, 0, 0),
	(18, '8afe04d2-e6b4-45fe-8fc1-e299a1fcdce5', 'added: http call', '1.3', '<?xml version="1.0" encoding="UTF-8"?><service name=\'AlphaActivationApi\'><block id="0" type="assign" nodeCType="startNode" pos="33,241"><variable name="var1">\'abc\'</variable><variable name="resCode">1</variable><next-node>1</next-node></block><block id="4" type="assign" nodeCType="customNode" pos="605.453125,337"><variable name="var2">\'xyz\'</variable><variable name="var3">\'loc\'</variable><next-node>6</next-node></block><block id="6" type="func" nodeCType="customNode" pos="831.453125,425"><next-node>return</next-node></block><block id="1" type="branch" nodeCType="customNode" pos="305.453125,194"><case id="2" type="case" nodeCType="customNode" pos="446.453125,76"><expression>\'%ses.var1%\'==\'abc\'</expression><next-node>return</next-node></case><default id="3" type="default" nodeCType="customNode" pos="455.453125,264"><next-node>4</next-node></default><case id="5" type="case" nodeCType="customNode" pos="490.453125,170"><expression>\'%ses.var3%\'==\'abc\'</expression><next-node>return</next-node></case></block><block id="return" type="return" nodeCType="returnNode" pos="1025,225"><outputparams name="ses">-1</outputparams></block><conn>[{"source":"start","sourceHandle":null,"target":"1","targetHandle":"target","type":"buttonedge","id":"reactflow__edge-startnull-1target"},{"source":"1","sourceHandle":"source","target":"2","targetHandle":"target","type":"buttonedge","id":"reactflow__edge-1source-2target"},{"source":"1","sourceHandle":"source","target":"3","targetHandle":"target","type":"buttonedge","id":"reactflow__edge-1source-3target"},{"source":"2","sourceHandle":"source","target":"return","targetHandle":null,"type":"buttonedge","id":"reactflow__edge-2source-returnnull"},{"source":"3","sourceHandle":"source","target":"4","targetHandle":"target","type":"buttonedge","id":"reactflow__edge-3source-4target"},{"source":"1","sourceHandle":"source","target":"5","targetHandle":"target","type":"buttonedge","id":"reactflow__edge-1source-5target"},{"source":"5","sourceHandle":"source","target":"return","targetHandle":null,"type":"buttonedge","id":"reactflow__edge-5source-returnnull"},{"source":"4","sourceHandle":"source","target":"6","targetHandle":"target","type":"buttonedge","id":"reactflow__edge-4source-6target"},{"source":"6","sourceHandle":"source","target":"return","targetHandle":null,"type":"buttonedge","id":"reactflow__edge-6source-returnnull"}]</conn></service>', b'1', '2022-08-26 09:49:56', 155, 0, 0, 0),
	(20, 'f3559cdd-86a9-4d0a-8490-3fb9aec3895e', 'Initial commit', '1', '<?xml version="1.0" encoding="UTF-8"?>', b'0', '2022-08-26 13:15:30', 157, 0, 0, 0),
	(21, '56b2243f-8bd6-4dfd-a4f5-52600a274f3c', 'node update', '2.0', '<?xml version="1.0" encoding="UTF-8"?><service name=\'AlphaActivationApi\'><block id="0" type="assign" nodeCType="startNode" pos="33,241"><next-node>1</next-node></block><block id="4" type="assign" nodeCType="customNode" pos="517.453125,376"><next-node>7</next-node></block><block id="7" type="assign" nodeCType="customNode" pos="683.453125,485"><next-node>6</next-node></block><block id="1" type="branch" nodeCType="customNode" pos="305.453125,194"><case id="2" type="case" nodeCType="customNode" pos="446.453125,76"><next-node>return</next-node></case><default id="3" type="default" nodeCType="customNode" pos="455.453125,264"><next-node>4</next-node></default><case id="5" type="case" nodeCType="customNode" pos="490.453125,170"><next-node>return</next-node></case></block><block id="return" type="return" nodeCType="returnNode" pos="1025,225"><outputparams name="ses">-1</outputparams></block><conn>[{"source":"start","sourceHandle":null,"target":"1","targetHandle":"target","type":"buttonedge","id":"reactflow__edge-startnull-1target"},{"source":"1","sourceHandle":"source","target":"2","targetHandle":"target","type":"buttonedge","id":"reactflow__edge-1source-2target"},{"source":"1","sourceHandle":"source","target":"3","targetHandle":"target","type":"buttonedge","id":"reactflow__edge-1source-3target"},{"source":"2","sourceHandle":"source","target":"return","targetHandle":null,"type":"buttonedge","id":"reactflow__edge-2source-returnnull"},{"source":"3","sourceHandle":"source","target":"4","targetHandle":"target","type":"buttonedge","id":"reactflow__edge-3source-4target"},{"source":"1","sourceHandle":"source","target":"5","targetHandle":"target","type":"buttonedge","id":"reactflow__edge-1source-5target"},{"source":"5","sourceHandle":"source","target":"return","targetHandle":null,"type":"buttonedge","id":"reactflow__edge-5source-returnnull"},{"source":"6","sourceHandle":"source","target":"return","targetHandle":null,"type":"buttonedge","id":"reactflow__edge-6source-returnnull"},{"source":"4","sourceHandle":"source","target":"7","targetHandle":"target","type":"buttonedge","id":"reactflow__edge-4source-7target"},{"source":"7","sourceHandle":"source","target":"6","targetHandle":"target","type":"buttonedge","id":"reactflow__edge-7source-6target"}]</conn></service>', b'0', '2022-08-26 13:58:23', 155, 0, 0, 0),
	(22, '90e70ad2-6e8e-476e-a83a-75ac3e6c6fef', 'new update', '1.0.0', '<?xml version="1.0" encoding="UTF-8"?><service name=\'blackhole\'><block id="0" type="assign" nodeCType="startNode" pos="25,225"><next-node>1</next-node></block><block id="1" type="assign" nodeCType="customNode" pos="380.453125,198"><next-node>return</next-node></block><block id="return" type="return" nodeCType="returnNode" pos="1025,225"><outputparams name="ses">-1</outputparams></block><conn>[{"source":"start","sourceHandle":null,"target":"1","targetHandle":"target","type":"buttonedge","id":"reactflow__edge-startnull-1target"},{"source":"1","sourceHandle":"source","target":"return","targetHandle":null,"type":"buttonedge","id":"reactflow__edge-1source-returnnull"}]</conn></service>', b'0', '2022-08-26 14:02:46', 157, 0, 0, 0),
	(23, 'ae6d24e8-e15b-4810-a06c-123dc45301f1', 'update', '1', '<?xml version="1.0" encoding="UTF-8"?><service name=\'blackhole\'><block id="0" type="assign" nodeCType="startNode" pos="25,225"><next-node>1</next-node></block><block id="1" type="assign" nodeCType="customNode" pos="380.453125,198"><next-node>2</next-node></block><block id="2" type="assign" nodeCType="customNode" pos="653.453125,369"><next-node>return</next-node></block><block id="return" type="return" nodeCType="returnNode" pos="1025,225"><outputparams name="ses">-1</outputparams></block><conn>[{"source":"start","sourceHandle":null,"target":"1","targetHandle":"target","type":"buttonedge","id":"reactflow__edge-startnull-1target"},{"source":"1","sourceHandle":"source","target":"2","targetHandle":"target","type":"buttonedge","id":"reactflow__edge-1source-2target"},{"source":"2","sourceHandle":"source","target":"return","targetHandle":null,"type":"buttonedge","id":"reactflow__edge-2source-returnnull"}]</conn></service>', b'0', '2022-08-26 14:24:12', 157, 0, 0, 0),
	(24, '9c361b55-5307-4f97-8218-5ae3f77a85d7', 'branch add', '2', '<?xml version="1.0" encoding="UTF-8"?><service name=\'blackhole\'><block id="0" type="assign" nodeCType="startNode" pos="25,225"><next-node>1</next-node></block><block id="1" type="assign" nodeCType="customNode" pos="240.453125,196"><next-node>2</next-node></block><block id="2" type="assign" nodeCType="customNode" pos="460.453125,203"><next-node>3</next-node></block><block id="3" type="branch" nodeCType="customNode" pos="637.453125,220"><case id="4" type="case" nodeCType="customNode" pos="815.453125,127"><next-node>return</next-node></case><default id="5" type="default" nodeCType="customNode" pos="815.453125,262"><next-node>return</next-node></default></block><block id="return" type="return" nodeCType="returnNode" pos="1025,225"><outputparams name="ses">-1</outputparams></block><conn>[{"source":"start","sourceHandle":null,"target":"1","targetHandle":"target","type":"buttonedge","id":"reactflow__edge-startnull-1target"},{"source":"1","sourceHandle":"source","target":"2","targetHandle":"target","type":"buttonedge","id":"reactflow__edge-1source-2target"},{"source":"2","sourceHandle":"source","target":"3","targetHandle":"target","type":"buttonedge","id":"reactflow__edge-2source-3target"},{"source":"4","sourceHandle":"source","target":"return","targetHandle":null,"type":"buttonedge","id":"reactflow__edge-4source-returnnull"},{"source":"5","sourceHandle":"source","target":"return","targetHandle":null,"type":"buttonedge","id":"reactflow__edge-5source-returnnull"},{"source":"3","sourceHandle":"source","target":"4","targetHandle":"target","type":"buttonedge","id":"reactflow__edge-3source-4target"},{"source":"3","sourceHandle":"source","target":"5","targetHandle":"target","type":"buttonedge","id":"reactflow__edge-3source-5target"}]</conn></service>', b'1', '2022-08-26 14:25:55', 157, 0, 0, 0),
	(25, 'a097b543-775d-400c-b82a-6a45dcd92df3', 'update 2', '3', '<?xml version="1.0" encoding="UTF-8"?><service name=\'blackhole\'><block id="0" type="assign" nodeCType="startNode" pos="25,225"><next-node>1</next-node></block><block id="1" type="assign" nodeCType="customNode" pos="240.453125,196"><next-node>2</next-node></block><block id="2" type="assign" nodeCType="customNode" pos="460.453125,203"><next-node>3</next-node></block><block id="6" type="assign" nodeCType="customNode" pos="964.453125,376"><next-node>return</next-node></block><block id="3" type="branch" nodeCType="customNode" pos="637.453125,220"><case id="4" type="case" nodeCType="customNode" pos="815.453125,127"><next-node>return</next-node></case><default id="5" type="default" nodeCType="customNode" pos="815.453125,262"><next-node>6</next-node></default></block><block id="return" type="return" nodeCType="returnNode" pos="1025,225"><outputparams name="ses">-1</outputparams></block><conn>[{"source":"start","sourceHandle":null,"target":"1","targetHandle":"target","type":"buttonedge","id":"reactflow__edge-startnull-1target"},{"source":"1","sourceHandle":"source","target":"2","targetHandle":"target","type":"buttonedge","id":"reactflow__edge-1source-2target"},{"source":"2","sourceHandle":"source","target":"3","targetHandle":"target","type":"buttonedge","id":"reactflow__edge-2source-3target"},{"source":"4","sourceHandle":"source","target":"return","targetHandle":null,"type":"buttonedge","id":"reactflow__edge-4source-returnnull"},{"source":"3","sourceHandle":"source","target":"4","targetHandle":"target","type":"buttonedge","id":"reactflow__edge-3source-4target"},{"source":"3","sourceHandle":"source","target":"5","targetHandle":"target","type":"buttonedge","id":"reactflow__edge-3source-5target"},{"source":"5","sourceHandle":"source","target":"6","targetHandle":"target","type":"buttonedge","id":"reactflow__edge-5source-6target"},{"source":"6","sourceHandle":"source","target":"return","targetHandle":null,"type":"buttonedge","id":"reactflow__edge-6source-returnnull"}]</conn></service>', b'0', '2022-08-26 14:26:29', 157, 0, 0, 0),
	(26, '3cdb8c9e-523d-4a8e-8f7c-0eebf3f2566f', 'Initial commit', '1', '<?xml version="1.0" encoding="UTF-8"?>', b'0', '2022-08-26 17:38:30', 158, 0, 0, 0),
	(27, '368dc0a0-70d5-4745-af7c-ba3edaf28a7f', 'node icon test', '1', '<?xml version="1.0" encoding="UTF-8"?><service name=\'test\'><block id="0" type="assign" nodeCType="startNode" pos="25,225"><next-node>1</next-node></block><block id="1" type="assign" nodeCType="customNode" pos="262.453125,218" icon="Variable"><next-node>return</next-node></block><block id="return" type="return" nodeCType="returnNode" pos="1025,225" icon="undefined"><outputparams name="ses">-1</outputparams></block><conn>[{"source":"start","sourceHandle":null,"target":"1","targetHandle":"target","type":"buttonedge","id":"reactflow__edge-startnull-1target"},{"source":"1","sourceHandle":"source","target":"return","targetHandle":null,"type":"buttonedge","id":"reactflow__edge-1source-returnnull"}]</conn></service>', b'0', '2022-08-26 17:40:29', 158, 0, 0, 0),
	(28, '97301125-b3e9-4f8f-b3d3-6a7b849b866a', 'added: variables', '1.2', '<?xml version="1.0" encoding="UTF-8"?><service name=\'test\'><block id="0" type="assign" nodeCType="startNode" pos="25,225"><next-node>1</next-node></block><block id="1" type="assign" nodeCType="customNode" pos="262.453125,218" icon="Variable"><variable name="abc">qqq</variable><variable name="io">345</variable><variable name="bn">ty</variable><next-node>2</next-node></block><block id="2" type="assign" nodeCType="customNode" pos="617.453125,224" icon="Variable"><variable name="tr">dfg</variable><next-node>return</next-node></block><block id="return" type="return" nodeCType="returnNode" pos="1025,225" icon="undefined"><outputparams name="ses">-1</outputparams></block><conn>[{"source":"start","sourceHandle":null,"target":"1","targetHandle":"target","type":"buttonedge","id":"reactflow__edge-startnull-1target"},{"source":"1","sourceHandle":"source","target":"2","targetHandle":"target","type":"buttonedge","id":"reactflow__edge-1source-2target"},{"source":"2","sourceHandle":"source","target":"return","targetHandle":null,"type":"buttonedge","id":"reactflow__edge-2source-returnnull"}]</conn></service>', b'0', '2022-08-27 00:38:54', 158, 0, 0, 0),
	(29, '4883b05e-c573-4491-9135-8f47d8d68380', 'added: variables', '1.2.1', '<?xml version="1.0" encoding="UTF-8"?><service name=\'test\'><block id="0" type="assign" nodeCType="startNode" pos="25,225"><next-node>1</next-node></block><block id="1" type="assign" nodeCType="customNode" pos="262.453125,218" icon="Variable"><variable name="abc">qqq</variable><variable name="io">345</variable><variable name="bn">ty</variable><variable name="qa">qaaa</variable><next-node>2</next-node></block><block id="2" type="assign" nodeCType="customNode" pos="617.453125,224" icon="Variable"><variable name="tr">dfg</variable><variable name="qwqwqw">qwqwqwqw</variable><next-node>return</next-node></block><block id="return" type="return" nodeCType="returnNode" pos="1025,225" icon="undefined"><outputparams name="ses">-1</outputparams></block><conn>[{"source":"start","sourceHandle":null,"target":"1","targetHandle":"target","type":"buttonedge","id":"reactflow__edge-startnull-1target"},{"source":"1","sourceHandle":"source","target":"2","targetHandle":"target","type":"buttonedge","id":"reactflow__edge-1source-2target"},{"source":"2","sourceHandle":"source","target":"return","targetHandle":null,"type":"buttonedge","id":"reactflow__edge-2source-returnnull"}]</conn></service>', b'0', '2022-08-27 01:18:34', 158, 0, 0, 0),
	(30, 'a6c1ab26-bdbb-4391-860b-bd08be1f1d11', 'variables added test', '5', '<?xml version="1.0" encoding="UTF-8"?><service name=\'test\'><block id="0" type="assign" nodeCType="startNode" pos="25,225"><next-node>1</next-node></block><block id="1" type="assign" nodeCType="customNode" pos="262.453125,218" icon="Variable"><variable name="abc">qqq</variable><variable name="io">345</variable><variable name="bn">ty</variable><variable name="qa">qaaa</variable><variable name="mt">12hn</variable><next-node>2</next-node></block><block id="2" type="assign" nodeCType="customNode" pos="617.453125,224" icon="Variable"><variable name="tr">dfg</variable><variable name="qwqwqw">qwqwqwqw</variable><variable name="vx">function vx() {return "xx"};</variable><next-node>return</next-node></block><block id="return" type="return" nodeCType="returnNode" pos="1025,225" icon="undefined"><outputparams name="ses">-1</outputparams></block><conn>[{"source":"start","sourceHandle":null,"target":"1","targetHandle":"target","type":"buttonedge","id":"reactflow__edge-startnull-1target"},{"source":"1","sourceHandle":"source","target":"2","targetHandle":"target","type":"buttonedge","id":"reactflow__edge-1source-2target"},{"source":"2","sourceHandle":"source","target":"return","targetHandle":null,"type":"buttonedge","id":"reactflow__edge-2source-returnnull"}]</conn></service>', b'0', '2022-08-27 12:37:02', 158, 0, 0, 0),
	(31, 'd3038c22-eacd-453b-8de1-e02db9aae0d5', 'assign node props final', '6', '<?xml version="1.0" encoding="UTF-8"?><service name=\'test\'><block id="0" type="assign" nodeCType="startNode" pos="25,225"><next-node>1</next-node></block><block id="1" type="assign" nodeCType="customNode" pos="262.453125,218" icon="Variable"><variable name="abc">qqq</variable><variable name="io">345</variable><variable name="bn">ty</variable><variable name="mt">12hn</variable><variable name="abc_bank">ftftyghyy</variable><next-node>2</next-node></block><block id="2" type="assign" nodeCType="customNode" pos="617.453125,224" icon="Variable"><variable name="tr">dfg</variable><variable name="qwqwqw">qwqwqwqw</variable><variable name="vx">function vx() {return "xx"};</variable><next-node>return</next-node></block><block id="return" type="return" nodeCType="returnNode" pos="1025,225" icon="undefined"><outputparams name="ses">-1</outputparams></block><conn>[{"source":"start","sourceHandle":null,"target":"1","targetHandle":"target","type":"buttonedge","id":"reactflow__edge-startnull-1target"},{"source":"1","sourceHandle":"source","target":"2","targetHandle":"target","type":"buttonedge","id":"reactflow__edge-1source-2target"},{"source":"2","sourceHandle":"source","target":"return","targetHandle":null,"type":"buttonedge","id":"reactflow__edge-2source-returnnull"}]</conn></service>', b'0', '2022-08-27 19:04:51', 158, 0, 0, 0),
	(32, 'a341a96c-5492-49a8-bc76-3629f8558cd7', 'changed props to variables of assign node dataset', '7', '<?xml version="1.0" encoding="UTF-8"?><service name=\'test\'><block id="0" type="assign" nodeCType="startNode" pos="25,225"><next-node>1</next-node></block><block id="1" type="assign" nodeCType="customNode" pos="262.453125,218" icon="Variable"><variable name="abc">qqq</variable><variable name="bn">ty</variable><variable name="mt">hello</variable><variable name="abc_bank">ftftyghyy</variable><next-node>2</next-node></block><block id="2" type="assign" nodeCType="customNode" pos="617.453125,224" icon="Variable"><variable name="tr">dfg</variable><variable name="qwqwqw">qwqwqwqw</variable><variable name="vx">function vx() {return "xxtt"};</variable><next-node>return</next-node></block><block id="return" type="return" nodeCType="returnNode" pos="1025,225" icon="undefined"><outputparams name="ses">-1</outputparams></block><conn>[{"source":"start","sourceHandle":null,"target":"1","targetHandle":"target","type":"buttonedge","id":"reactflow__edge-startnull-1target"},{"source":"1","sourceHandle":"source","target":"2","targetHandle":"target","type":"buttonedge","id":"reactflow__edge-1source-2target"},{"source":"2","sourceHandle":"source","target":"return","targetHandle":null,"type":"buttonedge","id":"reactflow__edge-2source-returnnull"}]</conn></service>', b'0', '2022-08-27 19:54:48', 158, 0, 0, 0),
	(33, '880c4584-07da-4075-a91a-8e9fdc8e5190', 'branch/case/default test 1', 'bcd1', '<?xml version="1.0" encoding="UTF-8"?><service name=\'test\'><block id="0" type="assign" nodeCType="startNode" pos="25,225"><next-node>1</next-node></block><block id="1" type="assign" nodeCType="customNode" pos="166.453125,225" icon="Variable"><variable name="abc">qqq</variable><variable name="bn">ty</variable><variable name="mt">hello</variable><variable name="abc_bank">ftftyghyy</variable><next-node>2</next-node></block><block id="2" type="assign" nodeCType="customNode" pos="351.453125,226" icon="Variable"><variable name="tr">dfg</variable><variable name="qwqwqw">qwqwqwqw</variable><variable name="vx">function vx() {return "xxtt"};</variable><next-node>3</next-node></block><block id="3" type="branch" nodeCType="customNode" pos="538.453125,227" icon="BranchFork2"><case id="4" type="case" nodeCType="customNode" pos="713.453125,156"><next-node>return</next-node></case><default id="5" type="default" nodeCType="customNode" pos="708.453125,283"><next-node>return</next-node></default></block><block id="return" type="return" nodeCType="returnNode" pos="1025,225" icon="undefined"><outputparams name="ses">-1</outputparams></block><conn>[{"source":"start","sourceHandle":null,"target":"1","targetHandle":"target","type":"buttonedge","id":"reactflow__edge-startnull-1target"},{"source":"1","sourceHandle":"source","target":"2","targetHandle":"target","type":"buttonedge","id":"reactflow__edge-1source-2target"},{"source":"2","sourceHandle":"source","target":"3","targetHandle":"target","type":"buttonedge","id":"reactflow__edge-2source-3target"},{"source":"3","sourceHandle":"source","target":"4","targetHandle":"target","type":"buttonedge","id":"reactflow__edge-3source-4target"},{"source":"3","sourceHandle":"source","target":"5","targetHandle":"target","type":"buttonedge","id":"reactflow__edge-3source-5target"},{"source":"4","sourceHandle":"source","target":"return","targetHandle":null,"type":"buttonedge","id":"reactflow__edge-4source-returnnull"},{"source":"5","sourceHandle":"source","target":"return","targetHandle":null,"type":"buttonedge","id":"reactflow__edge-5source-returnnull"}]</conn></service>', b'0', '2022-08-27 20:10:47', 158, 0, 0, 0),
	(34, '3898339a-7588-4ed4-869b-2cbf33c6b172', 'case expressions, vars', '8', '<?xml version="1.0" encoding="UTF-8"?><service name=\'test\'><block id="0" type="assign" nodeCType="startNode" pos="25,225"><next-node>1</next-node></block><block id="1" type="assign" nodeCType="customNode" pos="166.453125,225" icon="Variable"><variable name="abc">qqq</variable><variable name="bn">ty</variable><variable name="mt">hello</variable><variable name="abc_bank">ftftyghyy</variable><next-node>2</next-node></block><block id="2" type="assign" nodeCType="customNode" pos="351.453125,226" icon="Variable"><variable name="tr">dfg</variable><variable name="qwqwqw">qwqwqwqw</variable><variable name="vx">function vx() {return "xxtt"};</variable><next-node>3</next-node></block><block id="3" type="branch" nodeCType="customNode" pos="538.453125,227" icon="BranchFork2"><case id="4" type="case" nodeCType="customNode" pos="713.453125,156"><expression>1==10</expression><variable name="xx">xxx</variable><next-node>return</next-node></case><default id="5" type="default" nodeCType="customNode" pos="721.453125,348"><next-node>return</next-node></default><case id="6" type="case" nodeCType="customNode" pos="728.453125,235"><expression>2==\'2\'</expression><variable name="yy">uuuuq</variable><next-node>return</next-node></case></block><block id="return" type="return" nodeCType="returnNode" pos="1025,225" icon="undefined"><outputparams name="ses">-1</outputparams></block><conn>[{"source":"start","sourceHandle":null,"target":"1","targetHandle":"target","type":"buttonedge","id":"reactflow__edge-startnull-1target"},{"source":"1","sourceHandle":"source","target":"2","targetHandle":"target","type":"buttonedge","id":"reactflow__edge-1source-2target"},{"source":"2","sourceHandle":"source","target":"3","targetHandle":"target","type":"buttonedge","id":"reactflow__edge-2source-3target"},{"source":"3","sourceHandle":"source","target":"4","targetHandle":"target","type":"buttonedge","id":"reactflow__edge-3source-4target"},{"source":"3","sourceHandle":"source","target":"5","targetHandle":"target","type":"buttonedge","id":"reactflow__edge-3source-5target"},{"source":"4","sourceHandle":"source","target":"return","targetHandle":null,"type":"buttonedge","id":"reactflow__edge-4source-returnnull"},{"source":"5","sourceHandle":"source","target":"return","targetHandle":null,"type":"buttonedge","id":"reactflow__edge-5source-returnnull"},{"source":"3","sourceHandle":"source","target":"6","targetHandle":"target","type":"buttonedge","id":"reactflow__edge-3source-6target"},{"source":"6","sourceHandle":"source","target":"return","targetHandle":null,"type":"buttonedge","id":"reactflow__edge-6source-returnnull"}]</conn></service>', b'0', '2022-08-27 21:33:37', 158, 0, 0, 0),
	(35, 'e7ce3804-e0f1-4540-bc7f-21c5d625876b', 'case expressions', '8', '<?xml version="1.0" encoding="UTF-8"?><service name=\'test\'><block id="0" type="assign" nodeCType="startNode" pos="25,225"><next-node>1</next-node></block><block id="1" type="assign" nodeCType="customNode" pos="166.453125,225" icon="Variable"><variable name="abc">qqq</variable><variable name="bn">ty</variable><variable name="mt">hello</variable><variable name="abc_bank">ftftyghyy</variable><next-node>2</next-node></block><block id="2" type="assign" nodeCType="customNode" pos="351.453125,226" icon="Variable"><variable name="tr">dfg</variable><variable name="qwqwqw">qwqwqwqw</variable><variable name="vx">function vx() {return "xxtt"};</variable><next-node>3</next-node></block><block id="3" type="branch" nodeCType="customNode" pos="538.453125,227" icon="BranchFork2"><case id="4" type="case" nodeCType="customNode" pos="713.453125,156"><expression>1==1</expression><variable name="xx">xxx</variable><variable name="dim">dom</variable><next-node>return</next-node></case><default id="5" type="default" nodeCType="customNode" pos="721.453125,348"><next-node>return</next-node></default><case id="6" type="case" nodeCType="customNode" pos="728.453125,235"><expression>2==\'2\'</expression><variable name="yy">uuuuq</variable><next-node>return</next-node></case></block><block id="return" type="return" nodeCType="returnNode" pos="1025,225" icon="undefined"><outputparams name="ses">-1</outputparams></block><conn>[{"source":"start","sourceHandle":null,"target":"1","targetHandle":"target","type":"buttonedge","id":"reactflow__edge-startnull-1target"},{"source":"1","sourceHandle":"source","target":"2","targetHandle":"target","type":"buttonedge","id":"reactflow__edge-1source-2target"},{"source":"2","sourceHandle":"source","target":"3","targetHandle":"target","type":"buttonedge","id":"reactflow__edge-2source-3target"},{"source":"3","sourceHandle":"source","target":"4","targetHandle":"target","type":"buttonedge","id":"reactflow__edge-3source-4target"},{"source":"3","sourceHandle":"source","target":"5","targetHandle":"target","type":"buttonedge","id":"reactflow__edge-3source-5target"},{"source":"4","sourceHandle":"source","target":"return","targetHandle":null,"type":"buttonedge","id":"reactflow__edge-4source-returnnull"},{"source":"5","sourceHandle":"source","target":"return","targetHandle":null,"type":"buttonedge","id":"reactflow__edge-5source-returnnull"},{"source":"3","sourceHandle":"source","target":"6","targetHandle":"target","type":"buttonedge","id":"reactflow__edge-3source-6target"},{"source":"6","sourceHandle":"source","target":"return","targetHandle":null,"type":"buttonedge","id":"reactflow__edge-6source-returnnull"}]</conn></service>', b'0', '2022-08-27 21:39:10', 158, 0, 0, 0),
	(36, 'd9004e8e-3b6e-41ad-966b-0f70175f163e', 'var values -> string', '9', '<?xml version="1.0" encoding="UTF-8"?><service name=\'test\'><block id="0" type="assign" nodeCType="startNode" pos="25,225"><next-node>1</next-node></block><block id="1" type="assign" nodeCType="customNode" pos="166.453125,225" icon="Variable"><variable name="abc">"qqq"</variable><variable name="bn">"ty"</variable><variable name="mt">"hello"</variable><variable name="abc_bank">"ftftyghyy"</variable><next-node>2</next-node></block><block id="2" type="assign" nodeCType="customNode" pos="351.453125,226" icon="Variable"><variable name="tr">"dfg"</variable><variable name="qwqwqw">"qwqwqwqw"</variable><variable name="vx">function vx() {return "xxtt"};</variable><next-node>3</next-node></block><block id="3" type="branch" nodeCType="customNode" pos="538.453125,227" icon="BranchFork2"><case id="4" type="case" nodeCType="customNode" pos="713.453125,156"><expression>1==1</expression><variable name="xx">"xxx"</variable><variable name="dim">"dom"</variable><next-node>return</next-node></case><default id="5" type="default" nodeCType="customNode" pos="721.453125,348"><next-node>return</next-node></default><case id="6" type="case" nodeCType="customNode" pos="728.453125,235"><expression>2==\'2\'</expression><variable name="yy">"uuuuq"</variable><next-node>return</next-node></case></block><block id="return" type="return" nodeCType="returnNode" pos="1025,225" icon="undefined"><outputparams name="ses">-1</outputparams></block><conn>[{"source":"start","sourceHandle":null,"target":"1","targetHandle":"target","type":"buttonedge","id":"reactflow__edge-startnull-1target"},{"source":"1","sourceHandle":"source","target":"2","targetHandle":"target","type":"buttonedge","id":"reactflow__edge-1source-2target"},{"source":"2","sourceHandle":"source","target":"3","targetHandle":"target","type":"buttonedge","id":"reactflow__edge-2source-3target"},{"source":"3","sourceHandle":"source","target":"4","targetHandle":"target","type":"buttonedge","id":"reactflow__edge-3source-4target"},{"source":"3","sourceHandle":"source","target":"5","targetHandle":"target","type":"buttonedge","id":"reactflow__edge-3source-5target"},{"source":"4","sourceHandle":"source","target":"return","targetHandle":null,"type":"buttonedge","id":"reactflow__edge-4source-returnnull"},{"source":"5","sourceHandle":"source","target":"return","targetHandle":null,"type":"buttonedge","id":"reactflow__edge-5source-returnnull"},{"source":"3","sourceHandle":"source","target":"6","targetHandle":"target","type":"buttonedge","id":"reactflow__edge-3source-6target"},{"source":"6","sourceHandle":"source","target":"return","targetHandle":null,"type":"buttonedge","id":"reactflow__edge-6source-returnnull"}]</conn></service>', b'0', '2022-08-27 21:53:07', 158, 0, 0, 0),
	(37, 'b21a67c6-a7ba-4305-a8e8-15af9027b452', 'added resCode', '10', '<?xml version="1.0" encoding="UTF-8"?><service name=\'test\'><block id="0" type="assign" nodeCType="startNode" pos="25,225"><next-node>1</next-node></block><block id="1" type="assign" nodeCType="customNode" pos="166.453125,225" icon="Variable"><variable name="abc">"qqq"</variable><variable name="bn">"ty"</variable><variable name="mt">"hello"</variable><variable name="abc_bank">"ftftyghyy"</variable><next-node>2</next-node></block><block id="2" type="assign" nodeCType="customNode" pos="351.453125,226" icon="Variable"><variable name="tr">"dfg"</variable><variable name="qwqwqw">"qwqwqwqw"</variable><variable name="vx">function vx() {return "xxtt"};</variable><next-node>3</next-node></block><block id="3" type="branch" nodeCType="customNode" pos="538.453125,227" icon="BranchFork2"><case id="4" type="case" nodeCType="customNode" pos="713.453125,156"><expression>1==1</expression><variable name="xx">"xxx"</variable><variable name="dim">"dom"</variable><variable name="resCode">1</variable><next-node>return</next-node></case><default id="5" type="default" nodeCType="customNode" pos="721.453125,348"><next-node>return</next-node></default><case id="6" type="case" nodeCType="customNode" pos="728.453125,235"><expression>2==\'2\'</expression><variable name="yy">"uuuuq"</variable><next-node>return</next-node></case></block><block id="return" type="return" nodeCType="returnNode" pos="1025,225" icon="undefined"><outputparams name="ses">-1</outputparams></block><conn>[{"source":"start","sourceHandle":null,"target":"1","targetHandle":"target","type":"buttonedge","id":"reactflow__edge-startnull-1target"},{"source":"1","sourceHandle":"source","target":"2","targetHandle":"target","type":"buttonedge","id":"reactflow__edge-1source-2target"},{"source":"2","sourceHandle":"source","target":"3","targetHandle":"target","type":"buttonedge","id":"reactflow__edge-2source-3target"},{"source":"3","sourceHandle":"source","target":"4","targetHandle":"target","type":"buttonedge","id":"reactflow__edge-3source-4target"},{"source":"3","sourceHandle":"source","target":"5","targetHandle":"target","type":"buttonedge","id":"reactflow__edge-3source-5target"},{"source":"4","sourceHandle":"source","target":"return","targetHandle":null,"type":"buttonedge","id":"reactflow__edge-4source-returnnull"},{"source":"5","sourceHandle":"source","target":"return","targetHandle":null,"type":"buttonedge","id":"reactflow__edge-5source-returnnull"},{"source":"3","sourceHandle":"source","target":"6","targetHandle":"target","type":"buttonedge","id":"reactflow__edge-3source-6target"},{"source":"6","sourceHandle":"source","target":"return","targetHandle":null,"type":"buttonedge","id":"reactflow__edge-6source-returnnull"}]</conn></service>', b'0', '2022-08-27 21:59:29', 158, 0, 0, 0),
	(38, '72472b3a-1fe9-46a6-b2c2-c57b9a560477', 'vars in default node', '11', '<?xml version="1.0" encoding="UTF-8"?><service name=\'test\'><block id="0" type="assign" nodeCType="startNode" pos="25,225"><next-node>1</next-node></block><block id="1" type="assign" nodeCType="customNode" pos="166.453125,225" icon="Variable"><variable name="abc">"qqq"</variable><variable name="bn">"ty"</variable><variable name="mt">"hello"</variable><variable name="abc_bank">"ftftyghyy"</variable><next-node>2</next-node></block><block id="2" type="assign" nodeCType="customNode" pos="351.453125,226" icon="Variable"><variable name="tr">"dfg"</variable><variable name="qwqwqw">"qwqwqwqw"</variable><variable name="vx">function vx() {return "xxtt"};</variable><next-node>3</next-node></block><block id="3" type="branch" nodeCType="customNode" pos="538.453125,227" icon="BranchFork2"><case id="4" type="case" nodeCType="customNode" pos="713.453125,156"><expression>1==1</expression><variable name="xx">"xxx"</variable><variable name="dim">"dom"</variable><variable name="resCode">1</variable><next-node>return</next-node></case><default id="5" type="default" nodeCType="customNode" pos="721.453125,348"><variable name="defa">"xxx"</variable><variable name="mmtr">1+1</variable><next-node>return</next-node></default><case id="6" type="case" nodeCType="customNode" pos="728.453125,235"><expression>2==\'2\'</expression><variable name="yy">"uuuuq"</variable><next-node>return</next-node></case></block><block id="return" type="return" nodeCType="returnNode" pos="1025,225" icon="undefined"><outputparams name="ses">-1</outputparams></block><conn>[{"source":"start","sourceHandle":null,"target":"1","targetHandle":"target","type":"buttonedge","id":"reactflow__edge-startnull-1target"},{"source":"1","sourceHandle":"source","target":"2","targetHandle":"target","type":"buttonedge","id":"reactflow__edge-1source-2target"},{"source":"2","sourceHandle":"source","target":"3","targetHandle":"target","type":"buttonedge","id":"reactflow__edge-2source-3target"},{"source":"3","sourceHandle":"source","target":"4","targetHandle":"target","type":"buttonedge","id":"reactflow__edge-3source-4target"},{"source":"3","sourceHandle":"source","target":"5","targetHandle":"target","type":"buttonedge","id":"reactflow__edge-3source-5target"},{"source":"4","sourceHandle":"source","target":"return","targetHandle":null,"type":"buttonedge","id":"reactflow__edge-4source-returnnull"},{"source":"5","sourceHandle":"source","target":"return","targetHandle":null,"type":"buttonedge","id":"reactflow__edge-5source-returnnull"},{"source":"3","sourceHandle":"source","target":"6","targetHandle":"target","type":"buttonedge","id":"reactflow__edge-3source-6target"},{"source":"6","sourceHandle":"source","target":"return","targetHandle":null,"type":"buttonedge","id":"reactflow__edge-6source-returnnull"}]</conn></service>', b'0', '2022-08-28 16:38:10', 158, 0, 0, 0),
	(39, 'a36b99a1-8239-454d-8b5d-f2c489655a9a', 'another switch block', '12', '<?xml version="1.0" encoding="UTF-8"?><service name=\'test\'><block id="0" type="assign" nodeCType="startNode" pos="25,225"><next-node>1</next-node></block><block id="1" type="assign" nodeCType="customNode" pos="121.453125,106" icon="Variable"><variable name="abc">"qqq"</variable><variable name="bn">"ty"</variable><variable name="mt">"hello"</variable><variable name="abc_bank">"ftftyghyy"</variable><next-node>2</next-node></block><block id="2" type="assign" nodeCType="customNode" pos="137.453125,223" icon="Variable"><variable name="tr">"dfg"</variable><variable name="qwqwqw">"qwqwqwqw"</variable><variable name="vx">function vx() {return "xxtt"};</variable><next-node>3</next-node></block><block id="3" type="branch" nodeCType="customNode" pos="296.453125,222" icon="BranchFork2"><case id="4" type="case" nodeCType="customNode" pos="465.453125,180"><expression>1==1</expression><variable name="xx">"xxx"</variable><variable name="dim">"dom"</variable><variable name="resCode">1</variable><next-node>return</next-node></case><default id="5" type="default" nodeCType="customNode" pos="460.453125,262"><variable name="defa">"xxx"</variable><variable name="mmtr">1+1</variable><next-node>7</next-node></default><case id="6" type="case" nodeCType="customNode" pos="467.453125,221"><expression>2==\'2\'</expression><variable name="yy">"uuuuq"</variable><next-node>return</next-node></case></block><block id="7" type="branch" nodeCType="customNode" pos="601.453125,381" icon="BranchFork2"><case id="8" type="case" nodeCType="customNode" pos="741.453125,323"><expression>\'a\'==\'a\'</expression><variable name="uiop">123</variable><next-node>return</next-node></case><default id="9" type="default" nodeCType="customNode" pos="743.453125,438"><next-node>return</next-node></default></block><block id="return" type="return" nodeCType="returnNode" pos="1025,225" icon="undefined"><outputparams name="ses">-1</outputparams></block><conn>[{"source":"start","sourceHandle":null,"target":"1","targetHandle":"target","type":"buttonedge","id":"reactflow__edge-startnull-1target"},{"source":"1","sourceHandle":"source","target":"2","targetHandle":"target","type":"buttonedge","id":"reactflow__edge-1source-2target"},{"source":"2","sourceHandle":"source","target":"3","targetHandle":"target","type":"buttonedge","id":"reactflow__edge-2source-3target"},{"source":"3","sourceHandle":"source","target":"4","targetHandle":"target","type":"buttonedge","id":"reactflow__edge-3source-4target"},{"source":"3","sourceHandle":"source","target":"5","targetHandle":"target","type":"buttonedge","id":"reactflow__edge-3source-5target"},{"source":"4","sourceHandle":"source","target":"return","targetHandle":null,"type":"buttonedge","id":"reactflow__edge-4source-returnnull"},{"source":"3","sourceHandle":"source","target":"6","targetHandle":"target","type":"buttonedge","id":"reactflow__edge-3source-6target"},{"source":"6","sourceHandle":"source","target":"return","targetHandle":null,"type":"buttonedge","id":"reactflow__edge-6source-returnnull"},{"source":"5","sourceHandle":"source","target":"7","targetHandle":"target","type":"buttonedge","id":"reactflow__edge-5source-7target"},{"source":"7","sourceHandle":"source","target":"8","targetHandle":"target","type":"buttonedge","id":"reactflow__edge-7source-8target"},{"source":"8","sourceHandle":"source","target":"return","targetHandle":null,"type":"buttonedge","id":"reactflow__edge-8source-returnnull"},{"source":"9","sourceHandle":"source","target":"return","targetHandle":null,"type":"buttonedge","id":"reactflow__edge-9source-returnnull"},{"source":"7","sourceHandle":"source","target":"9","targetHandle":"target","type":"buttonedge","id":"reactflow__edge-7source-9target"}]</conn></service>', b'0', '2022-08-28 16:52:33', 158, 0, 0, 0),
	(40, '1d1f8cbb-ea8c-40f3-b348-594ef5025fbc', 'function node init', '13', '<?xml version="1.0" encoding="UTF-8"?><service name=\'test\'><block id="0" type="assign" nodeCType="startNode" pos="25,225"><next-node>1</next-node></block><block id="1" type="assign" nodeCType="customNode" pos="121.453125,106" icon="Variable"><variable name="abc">"qqq"</variable><variable name="bn">"ty"</variable><variable name="mt">"hello"</variable><variable name="abc_bank">"ftftyghyy"</variable><next-node>2</next-node></block><block id="2" type="assign" nodeCType="customNode" pos="137.453125,223" icon="Variable"><variable name="tr">"dfg"</variable><variable name="qwqwqw">"qwqwqwqw"</variable><variable name="vx">function vx() {return "xxtt"};</variable><next-node>3</next-node></block><block id="10" type="func" nodeCType="customNode" pos="986.453125,437" icon="Remote"><functionType>http</functionType><next-node>return</next-node></block><block id="3" type="branch" nodeCType="customNode" pos="296.453125,222" icon="BranchFork2"><case id="4" type="case" nodeCType="customNode" pos="465.453125,180"><expression>1==1</expression><variable name="xx">"xxx"</variable><variable name="dim">"dom"</variable><variable name="resCode">1</variable><next-node>return</next-node></case><default id="5" type="default" nodeCType="customNode" pos="460.453125,262"><variable name="defa">"xxx"</variable><variable name="mmtr">1+1</variable><next-node>7</next-node></default><case id="6" type="case" nodeCType="customNode" pos="467.453125,221"><expression>2==\'2\'</expression><variable name="yy">"uuuuq"</variable><next-node>return</next-node></case></block><block id="7" type="branch" nodeCType="customNode" pos="601.453125,381" icon="BranchFork2"><case id="8" type="case" nodeCType="customNode" pos="741.453125,323"><expression>\'a\'==\'a\'</expression><variable name="uiop">123</variable><next-node>return</next-node></case><default id="9" type="default" nodeCType="customNode" pos="743.453125,438"><next-node>10</next-node></default></block><block id="return" type="return" nodeCType="returnNode" pos="1183,225" icon="undefined"><outputparams name="ses">-1</outputparams></block><conn>[{"source":"start","sourceHandle":null,"target":"1","targetHandle":"target","type":"buttonedge","id":"reactflow__edge-startnull-1target"},{"source":"1","sourceHandle":"source","target":"2","targetHandle":"target","type":"buttonedge","id":"reactflow__edge-1source-2target"},{"source":"2","sourceHandle":"source","target":"3","targetHandle":"target","type":"buttonedge","id":"reactflow__edge-2source-3target"},{"source":"3","sourceHandle":"source","target":"4","targetHandle":"target","type":"buttonedge","id":"reactflow__edge-3source-4target"},{"source":"3","sourceHandle":"source","target":"5","targetHandle":"target","type":"buttonedge","id":"reactflow__edge-3source-5target"},{"source":"4","sourceHandle":"source","target":"return","targetHandle":null,"type":"buttonedge","id":"reactflow__edge-4source-returnnull"},{"source":"3","sourceHandle":"source","target":"6","targetHandle":"target","type":"buttonedge","id":"reactflow__edge-3source-6target"},{"source":"6","sourceHandle":"source","target":"return","targetHandle":null,"type":"buttonedge","id":"reactflow__edge-6source-returnnull"},{"source":"5","sourceHandle":"source","target":"7","targetHandle":"target","type":"buttonedge","id":"reactflow__edge-5source-7target"},{"source":"7","sourceHandle":"source","target":"8","targetHandle":"target","type":"buttonedge","id":"reactflow__edge-7source-8target"},{"source":"8","sourceHandle":"source","target":"return","targetHandle":null,"type":"buttonedge","id":"reactflow__edge-8source-returnnull"},{"source":"7","sourceHandle":"source","target":"9","targetHandle":"target","type":"buttonedge","id":"reactflow__edge-7source-9target"},{"source":"9","sourceHandle":"source","target":"10","targetHandle":"target","type":"buttonedge","id":"reactflow__edge-9source-10target"},{"source":"10","sourceHandle":"source","target":"return","targetHandle":null,"type":"buttonedge","id":"reactflow__edge-10source-returnnull"}]</conn></service>', b'0', '2022-08-28 16:54:54', 158, 0, 0, 0),
	(41, '95cb74ec-9311-4f53-98fa-e8979041f57a', 'func 2', '14', '<?xml version="1.0" encoding="UTF-8"?><service name=\'test\'><block id="0" type="assign" nodeCType="startNode" pos="25,225"><next-node>1</next-node></block><block id="1" type="assign" nodeCType="customNode" pos="121.453125,106" icon="Variable"><variable name="abc">"qqq"</variable><variable name="bn">"ty"</variable><variable name="mt">"hello"</variable><variable name="abc_bank">"ftftyghyy"</variable><next-node>2</next-node></block><block id="2" type="assign" nodeCType="customNode" pos="137.453125,223" icon="Variable"><variable name="tr">"dfg"</variable><variable name="qwqwqw">"qwqwqwqw"</variable><variable name="vx">function vx() {return "xxtt"};</variable><next-node>3</next-node></block><block id="10" type="func" nodeCType="customNode" pos="986.453125,437" icon="Remote"><functionType>http</functionType><next-node>11</next-node></block><block id="11" type="func" nodeCType="customNode" pos="1185.453125,435" icon="Remote"><functionType>http</functionType><next-node>return</next-node></block><block id="3" type="branch" nodeCType="customNode" pos="296.453125,222" icon="BranchFork2"><case id="4" type="case" nodeCType="customNode" pos="465.453125,180"><expression>1==1</expression><variable name="xx">"xxx"</variable><variable name="dim">"dom"</variable><variable name="resCode">1</variable><next-node>return</next-node></case><default id="5" type="default" nodeCType="customNode" pos="460.453125,262"><variable name="defa">"xxx"</variable><variable name="mmtr">1+1</variable><next-node>7</next-node></default><case id="6" type="case" nodeCType="customNode" pos="467.453125,221"><expression>2==\'2\'</expression><variable name="yy">"uuuuq"</variable><next-node>return</next-node></case></block><block id="7" type="branch" nodeCType="customNode" pos="601.453125,381" icon="BranchFork2"><case id="8" type="case" nodeCType="customNode" pos="741.453125,323"><expression>\'a\'==\'a\'</expression><variable name="uiop">123</variable><next-node>return</next-node></case><default id="9" type="default" nodeCType="customNode" pos="743.453125,438"><next-node>10</next-node></default></block><block id="return" type="return" nodeCType="returnNode" pos="1401,225" icon="undefined"><outputparams name="ses">-1</outputparams></block><conn>[{"source":"start","sourceHandle":null,"target":"1","targetHandle":"target","type":"buttonedge","id":"reactflow__edge-startnull-1target"},{"source":"1","sourceHandle":"source","target":"2","targetHandle":"target","type":"buttonedge","id":"reactflow__edge-1source-2target"},{"source":"2","sourceHandle":"source","target":"3","targetHandle":"target","type":"buttonedge","id":"reactflow__edge-2source-3target"},{"source":"3","sourceHandle":"source","target":"4","targetHandle":"target","type":"buttonedge","id":"reactflow__edge-3source-4target"},{"source":"3","sourceHandle":"source","target":"5","targetHandle":"target","type":"buttonedge","id":"reactflow__edge-3source-5target"},{"source":"4","sourceHandle":"source","target":"return","targetHandle":null,"type":"buttonedge","id":"reactflow__edge-4source-returnnull"},{"source":"3","sourceHandle":"source","target":"6","targetHandle":"target","type":"buttonedge","id":"reactflow__edge-3source-6target"},{"source":"6","sourceHandle":"source","target":"return","targetHandle":null,"type":"buttonedge","id":"reactflow__edge-6source-returnnull"},{"source":"5","sourceHandle":"source","target":"7","targetHandle":"target","type":"buttonedge","id":"reactflow__edge-5source-7target"},{"source":"7","sourceHandle":"source","target":"8","targetHandle":"target","type":"buttonedge","id":"reactflow__edge-7source-8target"},{"source":"8","sourceHandle":"source","target":"return","targetHandle":null,"type":"buttonedge","id":"reactflow__edge-8source-returnnull"},{"source":"7","sourceHandle":"source","target":"9","targetHandle":"target","type":"buttonedge","id":"reactflow__edge-7source-9target"},{"source":"9","sourceHandle":"source","target":"10","targetHandle":"target","type":"buttonedge","id":"reactflow__edge-9source-10target"},{"source":"10","sourceHandle":"source","target":"11","targetHandle":"target","type":"buttonedge","id":"reactflow__edge-10source-11target"},{"source":"11","sourceHandle":"source","target":"return","targetHandle":null,"type":"buttonedge","id":"reactflow__edge-11source-returnnull"}]</conn></service>', b'0', '2022-08-28 19:30:43', 158, 0, 0, 0),
	(42, 'a2ee0c98-3070-4b2b-9111-6e334814e18c', 'in vars', '20.1', '<?xml version="1.0" encoding="UTF-8"?><service name=\'test\'><block id="0" type="assign" nodeCType="startNode" pos="25,225"><next-node>1</next-node></block><block id="1" type="assign" nodeCType="customNode" pos="166.453125,225" icon="Variable"><variable name="abc">%ip.tokens.token1%</variable><variable name="bn">"ty"</variable><variable name="mt">"hello"</variable><variable name="abc_bank">"ftftyghyy"</variable><variable name="msisdn">%ip.msisdn%</variable><next-node>2</next-node></block><block id="2" type="assign" nodeCType="customNode" pos="351.453125,226" icon="Variable"><variable name="tr">"dfg"</variable><variable name="qwqwqw">"qwqwqwqw"</variable><variable name="vx">function vx() {return "xxtt"};</variable><next-node>3</next-node></block><block id="3" type="branch" nodeCType="customNode" pos="538.453125,227" icon="BranchFork2"><case id="4" type="case" nodeCType="customNode" pos="713.453125,156"><expression>1==1</expression><variable name="xx">"xxx"</variable><variable name="dim">"dom"</variable><variable name="resCode">1</variable><next-node>return</next-node></case><default id="5" type="default" nodeCType="customNode" pos="721.453125,348"><next-node>return</next-node></default><case id="6" type="case" nodeCType="customNode" pos="728.453125,235"><expression>2==\'2\'</expression><variable name="yy">"uuuuq"</variable><next-node>return</next-node></case></block><block id="return" type="return" nodeCType="returnNode" pos="1025,225" icon="undefined"><outputparams name="ses">-1</outputparams></block><conn>[{"source":"start","sourceHandle":null,"target":"1","targetHandle":"target","type":"buttonedge","id":"reactflow__edge-startnull-1target"},{"source":"1","sourceHandle":"source","target":"2","targetHandle":"target","type":"buttonedge","id":"reactflow__edge-1source-2target"},{"source":"2","sourceHandle":"source","target":"3","targetHandle":"target","type":"buttonedge","id":"reactflow__edge-2source-3target"},{"source":"3","sourceHandle":"source","target":"4","targetHandle":"target","type":"buttonedge","id":"reactflow__edge-3source-4target"},{"source":"3","sourceHandle":"source","target":"5","targetHandle":"target","type":"buttonedge","id":"reactflow__edge-3source-5target"},{"source":"4","sourceHandle":"source","target":"return","targetHandle":null,"type":"buttonedge","id":"reactflow__edge-4source-returnnull"},{"source":"5","sourceHandle":"source","target":"return","targetHandle":null,"type":"buttonedge","id":"reactflow__edge-5source-returnnull"},{"source":"3","sourceHandle":"source","target":"6","targetHandle":"target","type":"buttonedge","id":"reactflow__edge-3source-6target"},{"source":"6","sourceHandle":"source","target":"return","targetHandle":null,"type":"buttonedge","id":"reactflow__edge-6source-returnnull"}]</conn></service>', b'0', '2022-08-28 20:36:55', 158, 0, 0, 0),
	(43, 'd50c19ab-286c-4732-b127-4b51eea5e3c9', 'aa', '20.2', '<?xml version="1.0" encoding="UTF-8"?><service name=\'test\'><block id="0" type="assign" nodeCType="startNode" pos="25,225"><next-node>1</next-node></block><block id="1" type="assign" nodeCType="customNode" pos="166.453125,225" icon="Variable"><variable name="abc">\'%ip.tokens.token1%\'</variable><variable name="bn">"ty"</variable><variable name="mt">"hello"</variable><variable name="abc_bank">"ftftyghyy"</variable><variable name="msisdn">\'%ip.msisdn%\'</variable><next-node>2</next-node></block><block id="2" type="assign" nodeCType="customNode" pos="351.453125,226" icon="Variable"><variable name="tr">"dfg"</variable><variable name="qwqwqw">"qwqwqwqw"</variable><variable name="vx">function vx() {return "xxtt"}; vx();</variable><next-node>3</next-node></block><block id="3" type="branch" nodeCType="customNode" pos="538.453125,227" icon="BranchFork2"><case id="4" type="case" nodeCType="customNode" pos="713.453125,156"><expression>1==1</expression><variable name="xx">"xxx"</variable><variable name="dim">"dom"</variable><variable name="resCode">1</variable><next-node>return</next-node></case><default id="5" type="default" nodeCType="customNode" pos="721.453125,348"><next-node>return</next-node></default><case id="6" type="case" nodeCType="customNode" pos="728.453125,235"><expression>2==\'2\'</expression><variable name="yy">"uuuuq"</variable><next-node>return</next-node></case></block><block id="return" type="return" nodeCType="returnNode" pos="1025,225" icon="undefined"><outputparams name="ses">-1</outputparams></block><conn>[{"source":"start","sourceHandle":null,"target":"1","targetHandle":"target","type":"buttonedge","id":"reactflow__edge-startnull-1target"},{"source":"1","sourceHandle":"source","target":"2","targetHandle":"target","type":"buttonedge","id":"reactflow__edge-1source-2target"},{"source":"2","sourceHandle":"source","target":"3","targetHandle":"target","type":"buttonedge","id":"reactflow__edge-2source-3target"},{"source":"3","sourceHandle":"source","target":"4","targetHandle":"target","type":"buttonedge","id":"reactflow__edge-3source-4target"},{"source":"3","sourceHandle":"source","target":"5","targetHandle":"target","type":"buttonedge","id":"reactflow__edge-3source-5target"},{"source":"4","sourceHandle":"source","target":"return","targetHandle":null,"type":"buttonedge","id":"reactflow__edge-4source-returnnull"},{"source":"5","sourceHandle":"source","target":"return","targetHandle":null,"type":"buttonedge","id":"reactflow__edge-5source-returnnull"},{"source":"3","sourceHandle":"source","target":"6","targetHandle":"target","type":"buttonedge","id":"reactflow__edge-3source-6target"},{"source":"6","sourceHandle":"source","target":"return","targetHandle":null,"type":"buttonedge","id":"reactflow__edge-6source-returnnull"}]</conn></service>', b'0', '2022-08-28 20:40:25', 158, 0, 0, 0),
	(44, '75627c39-6d0b-4010-9025-8b625dee4fd6', 'function nodes', '20.5', '<?xml version="1.0" encoding="UTF-8"?><service name=\'test\'><block id="0" type="assign" nodeCType="startNode" pos="25,225"><next-node>1</next-node></block><block id="1" type="assign" nodeCType="customNode" pos="121.453125,106" icon="Variable"><variable name="abc">"qqq"</variable><variable name="bn">"ty"</variable><variable name="mt">"hello"</variable><variable name="abc_bank">"ftftyghyy"</variable><next-node>2</next-node></block><block id="2" type="assign" nodeCType="customNode" pos="137.453125,223" icon="Variable"><variable name="tr">"dfg"</variable><variable name="qwqwqw">"qwqwqwqw"</variable><variable name="vx">function vx() {return "xxtt"};</variable><next-node>3</next-node></block><block id="10" type="func" nodeCType="customNode" pos="986.453125,437" icon="Remote"><functionType>http</functionType><method>put</method><param name="url">http://localhost:3000/api-creator?ref=158&amp;commit=95cb74ec-9311-4f53-98fa-e8979041f57a</param><param name="body">{}</param><class>rest</class><next-node>11</next-node></block><block id="11" type="func" nodeCType="customNode" pos="1185.453125,435" icon="Remote"><functionType>http</functionType><method>get</method><param name="url">https://stackoverflow.com/questions/2218999/how-to-remove-all-duplicates-from-an-array-of-objects</param><class>rest</class><next-node>return</next-node></block><block id="3" type="branch" nodeCType="customNode" pos="296.453125,222" icon="BranchFork2"><case id="4" type="case" nodeCType="customNode" pos="465.453125,180"><expression>1==1</expression><variable name="xx">"xxx"</variable><variable name="dim">"dom"</variable><variable name="resCode">1</variable><next-node>return</next-node></case><default id="5" type="default" nodeCType="customNode" pos="460.453125,262"><variable name="defa">"xxx"</variable><variable name="mmtr">1+1</variable><next-node>7</next-node></default><case id="6" type="case" nodeCType="customNode" pos="467.453125,221"><expression>2==\'2\'</expression><variable name="yy">"uuuuq"</variable><next-node>return</next-node></case></block><block id="7" type="branch" nodeCType="customNode" pos="601.453125,381" icon="BranchFork2"><case id="8" type="case" nodeCType="customNode" pos="741.453125,323"><expression>\'a\'==\'a\'</expression><variable name="uiop">123</variable><next-node>return</next-node></case><default id="9" type="default" nodeCType="customNode" pos="743.453125,438"><next-node>10</next-node></default></block><block id="return" type="return" nodeCType="returnNode" pos="1401,225" icon="undefined"><outputparams name="ses">-1</outputparams></block><conn>[{"source":"start","sourceHandle":null,"target":"1","targetHandle":"target","type":"buttonedge","id":"reactflow__edge-startnull-1target"},{"source":"1","sourceHandle":"source","target":"2","targetHandle":"target","type":"buttonedge","id":"reactflow__edge-1source-2target"},{"source":"2","sourceHandle":"source","target":"3","targetHandle":"target","type":"buttonedge","id":"reactflow__edge-2source-3target"},{"source":"3","sourceHandle":"source","target":"4","targetHandle":"target","type":"buttonedge","id":"reactflow__edge-3source-4target"},{"source":"3","sourceHandle":"source","target":"5","targetHandle":"target","type":"buttonedge","id":"reactflow__edge-3source-5target"},{"source":"4","sourceHandle":"source","target":"return","targetHandle":null,"type":"buttonedge","id":"reactflow__edge-4source-returnnull"},{"source":"3","sourceHandle":"source","target":"6","targetHandle":"target","type":"buttonedge","id":"reactflow__edge-3source-6target"},{"source":"6","sourceHandle":"source","target":"return","targetHandle":null,"type":"buttonedge","id":"reactflow__edge-6source-returnnull"},{"source":"5","sourceHandle":"source","target":"7","targetHandle":"target","type":"buttonedge","id":"reactflow__edge-5source-7target"},{"source":"7","sourceHandle":"source","target":"8","targetHandle":"target","type":"buttonedge","id":"reactflow__edge-7source-8target"},{"source":"8","sourceHandle":"source","target":"return","targetHandle":null,"type":"buttonedge","id":"reactflow__edge-8source-returnnull"},{"source":"7","sourceHandle":"source","target":"9","targetHandle":"target","type":"buttonedge","id":"reactflow__edge-7source-9target"},{"source":"9","sourceHandle":"source","target":"10","targetHandle":"target","type":"buttonedge","id":"reactflow__edge-9source-10target"},{"source":"10","sourceHandle":"source","target":"11","targetHandle":"target","type":"buttonedge","id":"reactflow__edge-10source-11target"},{"source":"11","sourceHandle":"source","target":"return","targetHandle":null,"type":"buttonedge","id":"reactflow__edge-11source-returnnull"}]</conn></service>', b'0', '2022-08-29 11:51:21', 158, 0, 0, 0),
	(45, '35877508-7b42-4761-be8c-3ddf58e95f22', 'actual test', '1-RE', '<?xml version="1.0" encoding="UTF-8"?><service name=\'test\'><block id="0" type="assign" nodeCType="startNode" pos="25,225"><next-node>1</next-node></block><block id="1" type="assign" nodeCType="customNode" pos="176.453125,225" icon="Variable"><variable name="inKey">\'%ip.tokens.token1%\'</variable><variable name="inKey2">\'%ip.tokens.token2%\'</variable><variable name="msisdn">\'%ip.msisdn%\'</variable><next-node>2</next-node></block><block id="6" type="func" nodeCType="customNode" pos="695.453125,165" icon="Remote"><method>get</method><param name="url">https://run.mocky.io/v3/15f6d1bf-4b96-4261-b2e7-d26cc41bf140</param><param name="body">{}</param><class>rest</class><functionType>http</functionType><next-node>7</next-node></block><block id="7" type="assign" nodeCType="customNode" pos="845.453125,164" icon="Variable"><variable name="resCode">1</variable><next-node>return</next-node></block><block id="2" type="branch" nodeCType="customNode" pos="340.453125,224" icon="BranchFork2"><case id="3" type="case" nodeCType="customNode" pos="506.453125,165"><expression>\'%ses.inKey%\' == \'ACT\'</expression><variable name="action">"ACTIVATION"</variable><next-node>6</next-node></case><case id="5" type="case" nodeCType="customNode" pos="508.453125,264"><expression>\'%ses.inKey%\' == \'DEACT\'</expression><variable name="action">\'DEACTIVATION\'</variable><variable name="resCode">2</variable><next-node>return</next-node></case><default id="4" type="default" nodeCType="customNode" pos="501.453125,344"><variable name="action">"NULL"</variable><variable name="resCode">3</variable><next-node>return</next-node></default></block><block id="return" type="return" nodeCType="returnNode" pos="1025,225" icon="undefined"><outputparams name="ses">-1</outputparams></block><conn>[{"source":"start","sourceHandle":null,"target":"1","targetHandle":"target","type":"buttonedge","id":"reactflow__edge-startnull-1target"},{"source":"1","sourceHandle":"source","target":"2","targetHandle":"target","type":"buttonedge","id":"reactflow__edge-1source-2target"},{"source":"2","sourceHandle":"source","target":"3","targetHandle":"target","type":"buttonedge","id":"reactflow__edge-2source-3target"},{"source":"2","sourceHandle":"source","target":"5","targetHandle":"target","type":"buttonedge","id":"reactflow__edge-2source-5target"},{"source":"2","sourceHandle":"source","target":"4","targetHandle":"target","type":"buttonedge","id":"reactflow__edge-2source-4target"},{"source":"3","sourceHandle":"source","target":"6","targetHandle":"target","type":"buttonedge","id":"reactflow__edge-3source-6target"},{"source":"6","sourceHandle":"source","target":"7","targetHandle":"target","type":"buttonedge","id":"reactflow__edge-6source-7target"},{"source":"7","sourceHandle":"source","target":"return","targetHandle":null,"type":"buttonedge","id":"reactflow__edge-7source-returnnull"},{"source":"5","sourceHandle":"source","target":"return","targetHandle":null,"type":"buttonedge","id":"reactflow__edge-5source-returnnull"},{"source":"4","sourceHandle":"source","target":"return","targetHandle":null,"type":"buttonedge","id":"reactflow__edge-4source-returnnull"}]</conn></service>', b'0', '2022-08-29 12:41:29', 158, 1, 877, 0),
	(47, 'ab6e1a80-2308-4fba-9966-51f780075f2a', 'multi condition, response key', '20.6', '<?xml version="1.0" encoding="UTF-8"?><service name=\'test\'><block id="0" type="assign" nodeCType="startNode" pos="25,225"><next-node>1</next-node></block><block id="1" type="assign" nodeCType="customNode" pos="176.453125,225" icon="Variable"><variable name="inKey">\'%ip.tokens.token1%\'</variable><variable name="inKey2">\'%ip.tokens.token2%\'</variable><variable name="msisdn">\'%ip.msisdn%\'</variable><next-node>2</next-node></block><block id="6" type="func" nodeCType="customNode" pos="695.453125,165" icon="Remote"><functionType>http</functionType><method>get</method><class>rest</class><param name="url">https://run.mocky.io/v3/15f6d1bf-4b96-4261-b2e7-d26cc41bf140</param><param name="body">{}</param><next-node>7</next-node></block><block id="7" type="assign" nodeCType="customNode" pos="845.453125,164" icon="Variable"><variable name="resCode">1</variable><variable name="response">\'%key%\'</variable><next-node>return</next-node></block><block id="2" type="branch" nodeCType="customNode" pos="340.453125,224" icon="BranchFork2"><case id="3" type="case" nodeCType="customNode" pos="506.453125,165"><expression>\'%ses.inKey%\' == \'ACT\' &amp;&amp; 1 == 1</expression><variable name="action">"ACTIVATION"</variable><next-node>6</next-node></case><case id="5" type="case" nodeCType="customNode" pos="508.453125,264"><expression>\'%ses.inKey%\' == \'DEACT\'</expression><variable name="action">\'DEACTIVATION\'</variable><variable name="resCode">2</variable><next-node>return</next-node></case><default id="4" type="default" nodeCType="customNode" pos="501.453125,344"><variable name="action">"NULL"</variable><variable name="resCode">3</variable><next-node>return</next-node></default></block><block id="return" type="return" nodeCType="returnNode" pos="1025,225" icon="undefined"><outputparams name="ses">-1</outputparams></block><conn>[{"source":"start","sourceHandle":null,"target":"1","targetHandle":"target","type":"buttonedge","id":"reactflow__edge-startnull-1target"},{"source":"1","sourceHandle":"source","target":"2","targetHandle":"target","type":"buttonedge","id":"reactflow__edge-1source-2target"},{"source":"2","sourceHandle":"source","target":"3","targetHandle":"target","type":"buttonedge","id":"reactflow__edge-2source-3target"},{"source":"2","sourceHandle":"source","target":"5","targetHandle":"target","type":"buttonedge","id":"reactflow__edge-2source-5target"},{"source":"2","sourceHandle":"source","target":"4","targetHandle":"target","type":"buttonedge","id":"reactflow__edge-2source-4target"},{"source":"3","sourceHandle":"source","target":"6","targetHandle":"target","type":"buttonedge","id":"reactflow__edge-3source-6target"},{"source":"6","sourceHandle":"source","target":"7","targetHandle":"target","type":"buttonedge","id":"reactflow__edge-6source-7target"},{"source":"7","sourceHandle":"source","target":"return","targetHandle":null,"type":"buttonedge","id":"reactflow__edge-7source-returnnull"},{"source":"5","sourceHandle":"source","target":"return","targetHandle":null,"type":"buttonedge","id":"reactflow__edge-5source-returnnull"},{"source":"4","sourceHandle":"source","target":"return","targetHandle":null,"type":"buttonedge","id":"reactflow__edge-4source-returnnull"}]</conn></service>', b'1', '2022-08-29 13:57:16', 158, 9, 12306, 0),
	(48, 'f6a6bbd7-8194-4616-b43a-b32e6a094d6e', 'Initial commit', '1.0.0', '<?xml version="1.0" encoding="UTF-8"?>', b'1', '2022-08-29 15:08:50', 159, 1, 30, 0),
	(49, 'b60e8c86-dbea-488d-95a4-1b21bad10c11', 'update', '1.2.1', '<?xml version="1.0" encoding="UTF-8"?><service name=\'BetaActivationApi\'><block id="0" type="assign" nodeCType="startNode" pos="25,225"><next-node>1</next-node></block><block id="1" type="assign" nodeCType="customNode" pos="312.453125,213" icon="Variable"><next-node>END</next-node></block><block id="return" type="return" nodeCType="returnNode" pos="1025,225" icon="undefined"><outputparams name="ses">-1</outputparams></block><conn>[{"source":"start","sourceHandle":null,"target":"1","targetHandle":"target","type":"buttonedge","id":"reactflow__edge-startnull-1target"},{"source":"1","sourceHandle":"source","target":"return","targetHandle":null,"type":"buttonedge","id":"reactflow__edge-1source-returnnull"}]</conn></service>', b'0', '2022-08-31 15:51:42', 159, NULL, NULL, NULL),
	(50, '748e3f68-918d-41ff-886c-ace6c79b85e9', 'aaaassa', '7', '<?xml version="1.0" encoding="UTF-8"?><service name=\'BetaActivationApi\'><block id="0" type="assign" nodeCType="startNode" pos="25,225"><next-node>1</next-node></block><block id="1" type="assign" nodeCType="customNode" pos="246.453125,200" icon="Variable"><variable name="aaaa">\'asd\'</variable><next-node>2</next-node></block><block id="2" type="branch" nodeCType="customNode" pos="396.453125,375" icon="BranchFork2"><case id="3" type="case" nodeCType="customNode" pos="594.453125,283"><expression>undefined</expression><next-node>END</next-node></case><case id="5" type="case" nodeCType="customNode" pos="622.453125,397"><expression>undefined</expression><next-node>END</next-node></case><default id="4" type="default" nodeCType="customNode" pos="546.453125,445"><next-node>END</next-node></default></block><block id="return" type="return" nodeCType="returnNode" pos="1025,225" icon="undefined"><outputparams name="ses">-1</outputparams></block><conn>[{"source":"start","sourceHandle":null,"target":"1","targetHandle":"target","type":"buttonedge","id":"reactflow__edge-startnull-1target"},{"source":"2","sourceHandle":"source","target":"3","targetHandle":"target","type":"buttonedge","id":"reactflow__edge-2source-3target"},{"source":"2","sourceHandle":"source","target":"5","targetHandle":"target","type":"buttonedge","id":"reactflow__edge-2source-5target"},{"source":"2","sourceHandle":"source","target":"4","targetHandle":"target","type":"buttonedge","id":"reactflow__edge-2source-4target"},{"source":"1","sourceHandle":"source","target":"2","targetHandle":"target","type":"buttonedge","id":"reactflow__edge-1source-2target"},{"source":"3","sourceHandle":"source","target":"return","targetHandle":null,"type":"buttonedge","id":"reactflow__edge-3source-returnnull"},{"source":"5","sourceHandle":"source","target":"return","targetHandle":null,"type":"buttonedge","id":"reactflow__edge-5source-returnnull"},{"source":"4","sourceHandle":"source","target":"return","targetHandle":null,"type":"buttonedge","id":"reactflow__edge-4source-returnnull"}]</conn></service>', b'0', '2022-08-31 16:00:01', 159, NULL, NULL, NULL);
/*!40000 ALTER TABLE `api_history` ENABLE KEYS */;

-- Dumping data for table vas_sms.app_user: ~0 rows (approximately)
DELETE FROM `app_user`;
/*!40000 ALTER TABLE `app_user` DISABLE KEYS */;
INSERT INTO `app_user` (`id`, `created_date`, `email`, `enabled`, `name`, `password`, `username`, `role_id`) VALUES
	(1, '2022-08-05', 'chathura389@gmail.com', b'1', 'chathura', '$2a$10$D61pfzDE9g3wYSRFWzAE2elA1AJYuqrY.ZHcj4fowIzadM6o/cF/2', 'chathura', 1);
/*!40000 ALTER TABLE `app_user` ENABLE KEYS */;

-- Dumping data for table vas_sms.cx_response: ~9 rows (approximately)
DELETE FROM `cx_response`;
/*!40000 ALTER TABLE `cx_response` DISABLE KEYS */;
INSERT INTO `cx_response` (`id`, `res_code`, `res_desc`, `send_to_originated_no`, `sms`, `api_id`) VALUES
	(1, 1, 'success', 1, 'Thank you! Your request will be processed within 4 hours. If not, please call 071 7 010 101.', 3),
	(2, 1, 'ok', 1, 'Thank you! Your request will be processed within 4 hours. If not, please call 071 1 010 101.', 3),
	(3, 2, 'success', 1, 'Sorry, You don\'t have sufficient balance to activate this service', 3),
	(4, 3, 'already active', 1, 'The requested service is already active.', 3),
	(5, 4, 'already deactive', 1, 'Your service will be activated soon.', 3),
	(6, 5, 'tech error', 1, 'Sorry your line is at barred status', 3),
	(7, 6, 'success', 1, 'Sorry, requested service is not available on your package. Call 071 7 010 101', 3),
	(8, 7, 'SMS sample', 1, 'this is mobitel', 3),
	(9, 1, 'success', 1, 'package has successfully deactivated', 4),
	(10, 1, 'success', 1, 'Demo service has successfully activated. Please dial #1777# for more details. Thank you.', 147),
	(111, 2, 'error', 1, 'This service can not activate at this time.', 147),
	(117, 1, 'success', 1, 'The Alpha service has successfully activated.', 155),
	(162, 1, 'success', 1, 'hello', 158);
/*!40000 ALTER TABLE `cx_response` ENABLE KEYS */;

-- Dumping data for table vas_sms.hibernate_sequence: ~0 rows (approximately)
DELETE FROM `hibernate_sequence`;
/*!40000 ALTER TABLE `hibernate_sequence` DISABLE KEYS */;
INSERT INTO `hibernate_sequence` (`next_val`) VALUES
	(211);
/*!40000 ALTER TABLE `hibernate_sequence` ENABLE KEYS */;

-- Dumping data for table vas_sms.keyword: ~20 rows (approximately)
DELETE FROM `keyword`;
/*!40000 ALTER TABLE `keyword` DISABLE KEYS */;
INSERT INTO `keyword` (`id`, `first_key`, `reg_ex`, `action_id`) VALUES
	(1, 'ACT', '^\\s*ACT\\s+GOVN\\s*$', 1),
	(2, 'DEACT', '^\\s*DEACT\\s+GOVN\\s*$', 2),
	(3, 'OFF', '^\\s*OFF\\s+GOVN\\s*$', 2),
	(4, 'ACT', '^\\s*ACT\\s+1GB\\s*$', 3),
	(5, 'ACT', '^\\s*ACT\\s+4GB\\s*$', 3),
	(6, 'ACT', '^\\s*ACT\\s+8GB\\s*$', 3),
	(7, 'DEACT', '^\\s*DEACT\\s+DATA\\s*$', 4),
	(8, 'ACT', '\\s*ACT\\s*DEMO\\s*', 6),
	(107, 'ACT', '^\\s*ACT\\s+DEMO\\s*$', 105),
	(108, 'ON', '\\s*ON\\s*DEMO\\s*', 105),
	(109, 'DEACT', '^\\s*DEACT\\s+DEMO\\s*$', 106),
	(110, 'OFF', '\\s*OFF\\s*DEMO\\s*', 106),
	(115, 'ACT', '^\\s*ACT\\s+ALPHA\\s*$', 114),
	(116, 'ON', '^\\s*ON\\s+ALPHA\\s*$', 114),
	(156, 'ACT', '^\\s*ACT\\s+TEST\\s*$', 147),
	(686, 'TEST', '\\s*TEST_1\\s*', 143),
	(687, 'OFF', '\\s*OFF\\s*DATA\\s*', 4),
	(688, 'TEST', '\\s*TEST3\\s*', 3),
	(689, 'TEST', '\\s*TEST4\\s*', 3),
	(690, 'ACT', '\\s*ACT\\s*PIXME\\s*', 144),
	(691, 'OFF', '\\s*OFF\\s*PIXME\\s*', 145),
	(692, 'ON', '^\\s*ON\\s+PIXME\\s*$', 144),
	(693, 'DEACT', '\\s*DEACT\\s*pixme\\s*', 145),
	(694, 'FAF', '\\s*FAF\\s*', 146);
/*!40000 ALTER TABLE `keyword` ENABLE KEYS */;

-- Dumping data for table vas_sms.service: ~12 rows (approximately)
DELETE FROM `service`;
/*!40000 ALTER TABLE `service` DISABLE KEYS */;
INSERT INTO `service` (`id`, `description`, `name`, `disable`, `disable_sms`, `created_date`) VALUES
	(1, 'NEWS alerts by the government', 'GOV news alert service', b'0', 'This service is temporarily unavailable', '2022-06-06'),
	(2, 'Prepaid data package activation and deactivation', 'Prepaid Voice Service', b'1', 'This service is temporarily unavailable.', '2022-06-06'),
	(3, '4G voice activation and deactivation', '4G voice service', b'0', 'This service is temporarily unavailable', '2022-06-06'),
	(5, 'This is a demonstration VAS', 'DemoService-A', b'1', 'Requested service is no longer available.', '2022-08-19'),
	(104, 'Demo VAS for act/deact something', 'DemoService-D', b'0', 'This service is no longer available.', '2022-08-25'),
	(113, 'this is a test service', 'AlphaService', b'0', 'This service is no longer available.', '2022-08-26'),
	(139, 'Timebased data and voice service deactivator', 'Timebased deactivator', b'1', 'This service is temporarily unavailable', '2022-06-06'),
	(140, 'MCA missed call alert activation/deactivation', 'MCA missed call alerts', b'1', 'This service is temporarily unavailable', '2022-06-06'),
	(141, 'FAF and My10 call services', 'FAF-MY-10', b'1', 'This service is temporarily unavailable', '2022-06-06'),
	(142, 'PIXme mobile services', 'PIXme service', b'0', 'This service is no longer unavailable', '2022-06-06'),
	(144, 'this is a test service', 'test service', b'0', 'test sms sms', '2022-06-07'),
	(192, 'the beta service', 'BetaService', b'0', 'this service is currently unavailable', '2022-08-29');
/*!40000 ALTER TABLE `service` ENABLE KEYS */;

-- Dumping data for table vas_sms.sms_history: ~17 rows (approximately)
DELETE FROM `sms_history`;
/*!40000 ALTER TABLE `sms_history` DISABLE KEYS */;
INSERT INTO `sms_history` (`id`, `received_time`, `sent_time`, `msisdn`, `incoming_sms`, `response_sms`) VALUES
	(1, '2022-06-08 12:54:20', '2022-06-08 12:54:21', '0711231231', 'ACT ACT', 'Incorrect message.'),
	(2, '2022-06-08 17:11:20', '2022-06-08 17:11:19', '0711231231', 'ACT DATA', 'Thank you! Your request will be processed within 4 hours. If not, please call 071 7 010 101.'),
	(3, '2022-08-19 10:47:52', '2022-08-19 11:04:37', '0719997831', 'ACT 5GB', 'This service is temporarily unavailable.'),
	(4, '2022-08-19 11:05:08', '2022-08-19 11:05:08', '0719997831', 'ACT 5GB', 'This service is temporarily unavailable.'),
	(112, '2022-08-25 20:53:04', '2022-08-25 20:53:06', '0719997831', 'ACT DEMO', 'Demo service has successfully activated. Please dial #1777# for more details. Thank you.'),
	(118, '2022-08-26 10:01:38', '2022-08-26 10:01:39', '0719997831', 'ACT ALPHA', 'The Alpha service has successfully activated.'),
	(119, '2022-08-26 10:03:38', '2022-08-26 10:03:38', '0719997831', 'ACT ALPHA1', 'This service is temporarily unavailable.'),
	(120, '2022-08-26 10:04:47', '2022-08-26 10:04:48', '0719997831', 'ABC', 'Incorrect message'),
	(138, '2022-08-26 16:41:49', '2022-08-26 16:43:39', '0719997831', 'ABC', 'Incorrect message'),
	(139, '2022-08-26 16:45:29', '2022-08-26 16:45:30', '0719997831', 'ABC', 'Incorrect message'),
	(164, '2022-08-27 22:04:25', '2022-08-27 22:04:26', '0719997831', 'ACT TEST', 'hello'),
	(173, '2022-08-28 20:41:09', '2022-08-28 20:41:11', '0719997831', 'ACT TEST', 'hello'),
	(174, '2022-08-28 20:45:08', '2022-08-28 20:45:08', '0719997831', 'ACT TEST', 'hello'),
	(175, '2022-08-28 20:46:53', '2022-08-28 20:46:55', '0719997831', 'ACT TEST', 'hello'),
	(179, '2022-08-29 12:43:56', '2022-08-29 12:43:58', '0719997831', 'ACT TEST', 'hello'),
	(197, '2022-08-29 19:19:32', '2022-08-29 19:20:35', '0719997831', 'ACT TEST', 'hello'),
	(198, '2022-08-29 19:21:51', '2022-08-29 19:21:53', '0719997831', 'ACT TEST', 'hello'),
	(199, '2022-08-29 19:57:32', '2022-08-29 19:57:34', '0719997831', 'ACT TEST', 'hello'),
	(200, '2022-08-29 20:02:50', '2022-08-29 20:02:53', '0719997831', 'ACT TEST', 'hello'),
	(203, '2022-08-29 20:04:14', '2022-08-29 20:04:16', '0719997831', 'ACT TEST', 'hello'),
	(206, '2022-08-31 15:49:53', '2022-08-31 15:49:57', '0719997831', 'ACT TEST', 'hello'),
	(208, '2022-08-31 15:52:01', '2022-08-31 15:52:03', '0719997831', 'ACT TEST', 'hello'),
	(209, '2022-08-31 15:52:10', '2022-08-31 15:52:11', '0719997831', 'ACT TEST', 'hello');
/*!40000 ALTER TABLE `sms_history` ENABLE KEYS */;

-- Dumping data for table vas_sms.sys_action_log: ~64 rows (approximately)
DELETE FROM `sys_action_log`;
/*!40000 ALTER TABLE `sys_action_log` DISABLE KEYS */;
INSERT INTO `sys_action_log` (`ID`, `log`, `timestamp`) VALUES
	(121, 'created|blackhole|asd|chathura', '2022-08-26 13:15:30'),
	(122, 'updated|blackhole|null|chathura', '2022-08-26 13:52:54'),
	(123, 'deployed|blackhole|Production deployment|chathura', '2022-08-26 13:55:27'),
	(124, 'updated|DemoService-A|This is a demonstration VAS|chathura', '2022-08-26 13:57:32'),
	(125, 'deployed|AlphaActivationApi|Production deployment|chathura', '2022-08-26 13:57:55'),
	(126, 'updated|AlphaActivationApi|New API commit 2.0|chathura', '2022-08-26 13:58:23'),
	(127, 'updated|an existing keyword/regex|null|chathura', '2022-08-26 13:59:27'),
	(128, 'updated|an existing action: Activation-D|null|chathura', '2022-08-26 14:00:20'),
	(130, 'created|new action: Activation|null|chathura', '2022-08-26 14:01:35'),
	(131, 'updated|blackhole|New API commit 1.0.0|chathura', '2022-08-26 14:02:46'),
	(132, 'deployed|blackhole|Production deployment|chathura', '2022-08-26 14:23:02'),
	(133, 'deployed|chathura|Production deployment|chathura', '2022-08-26 14:23:17'),
	(134, 'updated|blackhole|New API commit 1|chathura', '2022-08-26 14:24:12'),
	(135, 'updated|blackhole|New API commit 2|chathura', '2022-08-26 14:25:55'),
	(136, 'deployed|blackhole|Production deployment|chathura', '2022-08-26 14:26:01'),
	(137, 'updated|blackhole|New API commit 3|chathura', '2022-08-26 14:26:29'),
	(140, 'created|test|test|chathura', '2022-08-26 17:38:30'),
	(141, 'updated|test|New API commit 1|chathura', '2022-08-26 17:40:29'),
	(142, 'deployed|test|Production deployment|chathura', '2022-08-26 23:05:18'),
	(143, 'deployed|test|Production deployment|chathura', '2022-08-27 00:36:30'),
	(144, 'deployed|test|Production deployment|chathura', '2022-08-27 00:36:54'),
	(145, 'updated|test|New API commit 1.2|chathura', '2022-08-27 00:38:54'),
	(146, 'updated|test|New API commit 1.2.1|chathura', '2022-08-27 01:18:34'),
	(147, 'deployed|test|Production deployment|chathura', '2022-08-27 01:19:12'),
	(148, 'updated|test|New API commit 5|chathura', '2022-08-27 12:37:02'),
	(149, 'updated|test|New API commit 6|chathura', '2022-08-27 19:04:51'),
	(150, 'deployed|test|Production deployment|chathura', '2022-08-27 19:19:15'),
	(151, 'updated|test|New API commit 7|chathura', '2022-08-27 19:54:48'),
	(152, 'updated|test|New API commit bcd1|chathura', '2022-08-27 20:10:47'),
	(153, 'updated|test|New API commit 8|chathura', '2022-08-27 21:33:37'),
	(154, 'updated|test|New API commit 8|chathura', '2022-08-27 21:39:11'),
	(155, 'deployed|test|Production deployment|chathura', '2022-08-27 21:40:50'),
	(157, 'added|new keyword/regex|null|chathura', '2022-08-27 21:46:17'),
	(158, 'updated|test|New API commit 9|chathura', '2022-08-27 21:53:07'),
	(159, 'deployed|test|Production deployment|chathura', '2022-08-27 21:53:15'),
	(160, 'updated|test|New API commit 10|chathura', '2022-08-27 21:59:29'),
	(161, 'deployed|test|Production deployment|chathura', '2022-08-27 21:59:38'),
	(163, 'added|new SMS|null|chathura', '2022-08-27 22:04:21'),
	(165, 'updated|test|New API commit 11|chathura', '2022-08-28 16:38:10'),
	(166, 'updated|test|New API commit 12|chathura', '2022-08-28 16:52:33'),
	(167, 'updated|test|New API commit 13|chathura', '2022-08-28 16:54:54'),
	(168, 'updated|test|New API commit 14|chathura', '2022-08-28 19:30:43'),
	(169, 'updated|test|New API commit 20.1|chathura', '2022-08-28 20:36:55'),
	(170, 'deployed|test|Production deployment|chathura', '2022-08-28 20:37:01'),
	(171, 'updated|test|New API commit 20.2|chathura', '2022-08-28 20:40:25'),
	(172, 'deployed|test|Production deployment|chathura', '2022-08-28 20:40:32'),
	(176, 'updated|test|New API commit 20.5|chathura', '2022-08-29 11:51:21'),
	(177, 'updated|test|New API commit 1-RE|chathura', '2022-08-29 12:41:29'),
	(178, 'deployed|test|Production deployment|chathura', '2022-08-29 12:43:13'),
	(180, 'updated|test|New API commit 2-RE|chathura', '2022-08-29 13:26:18'),
	(181, 'updated|test|New API commit 20.6|chathura', '2022-08-29 13:57:16'),
	(182, 'deployed|test|Production deployment|chathura', '2022-08-29 13:57:53'),
	(183, 'cache clear|commit: ab6e1a80-2308-4fba-9966-51f780075f2a|refreshed API cache on new deployment|chathura', '2022-08-29 13:57:53'),
	(185, 'created|BetaService|the service beta|chathura', '2022-08-29 15:01:00'),
	(187, 'created|t|t|chathura', '2022-08-29 15:02:38'),
	(189, 'created|r|r|chathura', '2022-08-29 15:02:49'),
	(191, 'created|q|q|chathura', '2022-08-29 15:03:05'),
	(193, 'created|BetaService|the beta VAS|chathura', '2022-08-29 15:06:22'),
	(194, 'updated|BetaService|the beta service|chathura', '2022-08-29 15:06:39'),
	(195, 'created|BetaActivationApi|this service activates beta service|chathura', '2022-08-29 15:08:50'),
	(196, 'updated|TestApi|null|chathura', '2022-08-29 17:40:16'),
	(201, 'deployed|TestApi|Production deployment|chathura', '2022-08-29 20:03:27'),
	(202, 'cache clear|commit: 35877508-7b42-4761-be8c-3ddf58e95f22|refreshed API cache on new deployment|chathura', '2022-08-29 20:03:27'),
	(204, 'deployed|TestApi|Production deployment|chathura', '2022-08-29 20:04:47'),
	(205, 'cache clear|commit: ab6e1a80-2308-4fba-9966-51f780075f2a|refreshed API cache on new deployment|chathura', '2022-08-29 20:04:47'),
	(207, 'updated|BetaActivationApi|New API commit 1.2.1|chathura', '2022-08-31 15:51:42'),
	(210, 'updated|BetaActivationApi|New API commit 7|chathura', '2022-08-31 16:00:01');
/*!40000 ALTER TABLE `sys_action_log` ENABLE KEYS */;

-- Dumping data for table vas_sms.sys_config: ~0 rows (approximately)
DELETE FROM `sys_config`;
/*!40000 ALTER TABLE `sys_config` DISABLE KEYS */;
INSERT INTO `sys_config` (`ID`, `sms_in_count`, `sms_out_count`) VALUES
	(1, 30, 14);
/*!40000 ALTER TABLE `sys_config` ENABLE KEYS */;

-- Dumping data for table vas_sms.user: ~2 rows (approximately)
DELETE FROM `user`;
/*!40000 ALTER TABLE `user` DISABLE KEYS */;
INSERT INTO `user` (`ID`, `username`, `password`, `email`, `name`, `enabled`, `created_date`, `role_id`) VALUES
	(1, 'chathura', '$2a$10$D61pfzDE9g3wYSRFWzAE2elA1AJYuqrY.ZHcj4fowIzadM6o/cF/2', 'chathura@gmail.com', 'chathura samarasinghe', b'1', '2022-06-03', 1),
	(2, 'chathura_a', '$2a$10$Gs4Gr63GM0Lcz6cntCh5DOTAKmpWUWhWEMcsVUUpNgWaotUK/aVqy', 'chathura_a@gmail.com', 'benjamin chathura', b'1', '2022-06-03', 2);
/*!40000 ALTER TABLE `user` ENABLE KEYS */;

-- Dumping data for table vas_sms.user_role: ~2 rows (approximately)
DELETE FROM `user_role`;
/*!40000 ALTER TABLE `user_role` DISABLE KEYS */;
INSERT INTO `user_role` (`ID`, `role`) VALUES
	(1, 'USER'),
	(2, 'ADMIN');
/*!40000 ALTER TABLE `user_role` ENABLE KEYS */;

/*!40101 SET SQL_MODE=IFNULL(@OLD_SQL_MODE, '') */;
/*!40014 SET FOREIGN_KEY_CHECKS=IFNULL(@OLD_FOREIGN_KEY_CHECKS, 1) */;
/*!40101 SET CHARACTER_SET_CLIENT=@OLD_CHARACTER_SET_CLIENT */;
/*!40111 SET SQL_NOTES=IFNULL(@OLD_SQL_NOTES, 1) */;
